Unai,Unai Emery,Emery Etxegoien,0,81,1,0,237389,16,1,181,5555,75,1,0,237389,2,0,1,0,4,1,0,45,0,0,4,5515,0,0
Dean,,Smith,0,85,1,0,249224,16,1,185,5509,75,0,0,26539,2,0,2,0,1,0,0,14,0,0,3,5510,0,0
,,,0,85,1,0,250608,16,1,185,5563,75,0,0,26542,2,0,3,0,3,0,0,14,0,0,3,5523,0,0
,,,0,82,1,0,250311,16,1,183,5558,75,0,0,26541,2,3,4,0,6,1,0,14,0,0,2,5504,0,0
Frank,,Lampard,0,2,1,0,5471,16,1,184,5547,89,1,0,251484,2,0,5,0,6,0,0,14,0,0,3,5578,0,0
Marco Alexandre,Marco Silva,Saraiva da Silva,0,82,1,0,178609,16,1,180,5530,75,1,0,178609,2,0,7,0,4,0,0,38,0,0,3,5514,0,0
,,,0,83,1,0,249979,16,1,184,5520,75,0,0,26539,2,0,8,0,1,1,0,52,0,0,3,5520,0,0
Jürgen,,Klopp,0,85,1,0,232302,16,1,193,5509,70,1,0,232302,2,0,9,0,1,1,0,21,0,0,2,5526,0,0
Josep,Pep Guardiola,Guardiola i Sala,0,81,1,0,169894,16,1,180,5563,73,1,0,169894,5,0,10,0,3,1,0,45,0,0,4,5504,0,0
Ole Gunnar,,Solskjær,0,82,1,0,1845,16,1,178,5536,75,0,0,26539,2,0,11,0,1,0,0,36,0,0,3,5575,0,0
,,,0,81,1,0,251101,16,1,183,5509,75,0,0,26541,2,3,12,0,6,0,0,14,0,0,2,5507,0,0
Steve,,Bruce,0,83,1,0,234530,16,1,183,5511,75,0,0,26542,2,0,13,0,3,0,0,14,0,0,3,5510,0,0
,,,0,81,1,0,1346,16,1,175,5509,75,0,0,26538,6,0,14,0,2,0,0,18,0,0,3,5566,0,0
,,,0,83,1,0,250024,16,1,183,5511,75,0,0,26538,2,0,15,0,2,0,0,14,0,0,3,5520,0,0
Ralph,,Hasenhüttl,0,85,1,0,150527,16,1,191,5562,92,1,0,150527,2,0,17,0,1,0,0,4,0,0,3,5506,0,0
Mauricio,,Pochettino,0,82,1,0,8885,16,1,182,5509,81,1,0,8885,4,0,18,0,4,0,0,52,0,0,1,5501,0,0
Manuel,,Pellegrini,0,82,1,0,168384,16,1,184,5545,75,0,0,26537,4,0,19,0,1,0,0,55,0,0,3,5576,0,0
,,,0,82,1,0,3800,16,1,176,5528,75,0,0,26541,2,3,21,0,6,0,0,10,0,0,2,5567,0,0
,,,0,82,1,0,249932,16,1,178,5535,75,0,0,26537,2,0,22,0,1,0,0,47,0,0,3,5508,0,0
,,,0,85,1,0,50999,16,1,187,5511,75,0,0,26540,2,3,23,0,1,0,0,21,0,0,4,5566,0,0
,,,0,81,1,0,249127,16,1,181,5540,75,0,0,26542,2,0,25,0,3,1,0,21,0,0,3,5552,0,0
Jens,,Härtel,0,85,1,0,249658,16,1,185,5511,75,0,0,26543,2,0,27,0,7,0,0,21,0,0,2,5521,0,0
,,,0,83,1,0,249260,16,1,179,5555,75,0,0,26542,2,0,28,0,3,0,0,21,0,0,3,5510,0,0
Sascha,,Hildmann,0,82,1,0,250463,16,1,184,5511,75,0,0,26539,2,0,29,0,1,0,0,21,0,0,3,5567,0,0
,,,0,84,1,0,248893,16,1,190,5557,75,0,0,26540,2,3,31,0,1,0,0,21,0,0,4,5569,0,0
,,,0,82,1,0,250295,16,1,175,5530,75,0,0,26544,2,0,32,0,9,0,0,34,0,0,4,5569,0,0
Daniel,,Bierofka,0,82,1,0,45609,16,1,178,5511,75,0,0,26539,2,0,33,0,1,1,0,21,0,0,3,5552,0,0
,,,0,82,1,0,240199,16,1,183,5527,75,0,0,26543,5,0,34,0,7,1,0,95,0,0,2,5552,0,0
,,,0,84,1,0,250590,16,1,193,5528,75,0,0,26538,2,0,36,0,2,1,0,21,0,0,3,5566,0,0
,,,0,85,1,0,249388,16,1,185,5511,75,0,0,26541,2,3,38,0,6,1,0,21,0,0,2,5554,0,0
Gian Piero,,Gasperini,0,82,1,0,249472,16,1,177,5527,75,0,0,26542,2,0,39,0,3,0,0,27,0,0,3,5585,0,0
,,,0,81,1,0,1067,16,1,178,5560,75,0,0,26543,5,0,44,0,7,1,0,27,0,0,2,5501,0,0
Simone,,Inzaghi,0,84,1,0,7728,16,1,185,5548,75,0,0,26541,4,3,46,0,6,1,0,27,0,0,2,5580,0,0
Marco,,Giampaolo,0,82,1,0,249994,16,1,182,5558,75,0,0,26540,4,3,47,0,1,0,0,27,0,0,4,5501,0,0
,,,0,83,1,0,237388,16,1,179,5538,75,0,0,26542,2,0,48,0,3,0,0,27,0,0,3,5501,0,0
Roberto,,D'Aversa,0,82,1,0,164378,16,1,184,5509,75,0,0,26543,2,0,50,0,7,0,0,27,0,0,2,5505,0,0
,,,0,85,1,0,250262,16,1,188,5530,75,0,0,26543,4,0,52,0,7,1,0,38,0,0,2,5502,0,0
,,,0,82,1,0,234529,16,1,180,5532,75,0,0,26540,2,3,54,0,1,1,0,27,0,0,4,5523,0,0
Igor,,Tudor,0,85,1,0,6007,16,1,193,5555,75,0,0,26544,4,0,55,0,9,0,0,10,0,0,4,5517,0,0
,,,0,84,1,0,249654,16,1,187,5505,75,0,0,26537,2,0,57,0,1,0,0,18,0,0,3,5505,0,0
,,,0,81,1,0,250265,16,1,177,5530,75,0,0,26540,4,3,59,0,1,0,0,38,0,0,4,5501,0,0
,,,0,81,1,0,250250,16,1,176,5521,75,0,0,26537,2,0,62,0,1,0,0,18,0,0,3,5521,0,0
,,,0,81,1,0,250316,16,1,178,5502,75,0,0,26541,2,3,64,0,6,0,0,18,0,0,2,5504,0,0
,,,0,82,1,0,249131,16,1,176,5525,75,0,0,26543,2,0,65,0,7,1,0,18,0,0,2,5534,0,0
,,,0,89,1,0,250795,16,1,172,5503,75,0,0,26540,4,3,66,0,1,0,0,54,0,0,4,5503,0,0
,,,0,82,1,0,116339,16,1,183,5511,75,0,0,26543,2,0,68,0,7,0,0,18,0,0,2,5521,0,0
,,,0,81,1,0,249761,16,1,180,5509,75,0,0,26544,2,0,69,0,9,0,0,38,0,0,4,5506,0,0
,,,0,82,1,0,250092,16,1,180,5525,75,0,0,26543,2,0,70,0,7,1,0,3,0,0,2,5525,0,0
,,,0,88,1,0,249123,16,1,174,5510,75,0,0,26539,2,0,71,0,1,0,0,18,0,0,3,5506,0,0
,,,0,85,1,0,1419,16,1,193,5580,75,0,0,26545,9,2,72,0,9,0,0,18,0,0,8,5580,0,0
,,,0,84,1,0,250585,16,1,192,5511,75,0,0,26541,2,3,73,0,6,1,0,21,0,0,2,5506,0,0
,,,0,81,1,0,249814,16,1,183,5511,75,0,0,26541,2,3,74,0,6,0,0,18,0,0,2,5523,0,0
,,,0,84,1,0,250577,16,1,186,5525,75,0,0,26537,2,0,76,0,1,1,0,18,0,0,3,5534,0,0
Derek,,McInnes,0,89,1,0,51495,16,1,170,5506,75,0,0,26540,2,3,77,0,1,0,0,42,0,0,4,5514,0,0
Neil,,Lennon,0,82,1,0,2881,16,1,175,5527,75,0,0,26539,2,0,78,0,1,1,0,35,0,0,3,5506,0,0
Craig,,Levein,0,85,1,0,249158,16,1,185,5506,75,0,0,26537,2,0,80,0,1,0,0,42,0,0,3,5507,0,0
Paul,,Heckingbottom,0,82,1,0,53894,16,1,183,5511,75,0,0,26543,2,0,81,0,7,0,0,14,0,0,2,5506,0,0
Angelo,,Alessio,0,81,1,0,252413,16,1,181,5563,75,0,0,26540,4,3,82,0,1,0,0,27,0,0,4,5517,0,0
Stephen,,Robinson,0,87,1,0,250536,16,1,173,5560,75,0,0,26543,2,0,83,0,7,0,0,35,0,0,2,5504,0,0
Steven,,Gerrard,0,82,1,0,13743,16,1,183,5535,75,0,0,26543,4,0,86,0,7,0,0,14,0,0,2,5517,0,0
,,,0,82,1,0,250284,16,1,182,5510,75,0,0,26543,2,0,88,0,7,0,0,45,0,0,2,5510,0,0
,,,0,81,1,0,2062,16,1,175,5544,75,0,0,26541,2,3,89,0,6,0,0,14,0,0,2,5524,0,0
,,,0,84,1,0,250318,16,1,185,5535,75,0,0,26541,2,3,91,0,6,0,0,34,0,0,2,5586,0,0
,,,0,82,1,0,250082,16,1,182,5535,75,0,0,26543,2,0,92,0,7,0,0,14,0,0,2,5514,0,0
,,,0,82,1,0,1924,16,1,181,5558,75,0,0,26539,2,0,94,0,1,1,0,42,0,0,3,5504,0,0
Brendan,,Rodgers,0,89,1,0,249063,16,1,170,5544,75,0,0,26540,2,3,95,0,1,0,0,35,0,0,4,5514,0,0
,,,0,82,1,0,51403,16,1,180,5511,75,0,0,26540,2,3,97,0,1,0,0,14,0,0,4,5524,0,0
,,,0,85,1,0,51383,16,1,185,5557,75,0,0,26543,2,0,106,0,7,0,0,42,0,0,2,5576,0,0
,,,0,84,1,0,183617,16,1,189,5503,75,0,0,26540,4,3,109,0,1,1,0,10,0,0,4,5523,0,0
Nuno Herlander,Nuno,Espírito Santo,0,85,1,0,250187,16,1,188,5509,75,0,0,26544,6,0,110,0,9,1,0,38,0,0,4,5506,0,0
,,,0,83,1,0,63012,16,1,180,5500,75,0,0,26537,2,0,111,0,1,1,0,14,0,0,3,5500,0,0
,,,0,83,1,0,63013,16,1,180,5500,75,0,0,26537,2,0,112,0,1,1,0,14,0,0,3,5500,0,0
,,,0,85,1,0,100707,16,1,191,5530,75,0,0,26541,2,3,121,0,6,0,0,205,0,0,2,5501,0,0
,,,0,84,1,0,250455,16,1,185,5555,75,0,0,26540,2,3,127,0,1,0,0,50,0,0,4,5578,0,0
,,,0,85,1,0,53016,16,1,188,5527,75,0,0,26545,9,2,142,0,9,0,0,82,0,0,8,5506,0,0
,,,0,82,1,0,188200,16,1,180,5511,75,0,0,26543,2,0,143,0,7,0,0,14,0,0,2,5506,0,0
,,,0,82,1,0,8517,16,1,175,5509,75,0,0,26540,2,3,144,0,1,0,0,14,0,0,4,5510,0,0
,,,0,82,1,0,249189,16,1,175,5520,75,0,0,26541,2,3,149,0,6,1,0,14,0,0,2,5567,0,0
,,,0,85,1,0,250628,16,1,188,5511,75,0,0,26540,2,3,159,0,1,0,0,21,0,0,4,5526,0,0
,,,0,82,1,0,250411,16,1,180,5528,75,0,0,26540,2,3,160,0,1,0,0,21,0,0,4,5507,0,0
,,,0,82,1,0,102133,16,1,178,5511,75,0,0,26540,2,3,165,0,1,0,0,21,0,0,4,5566,0,0
,,,0,82,1,0,251321,16,1,180,5509,75,0,0,26543,4,0,166,0,7,0,0,10,0,0,2,5552,0,0
Heiko,,Vogel,0,83,1,0,249545,16,1,175,5511,75,0,0,26539,2,0,167,0,1,0,0,21,0,0,3,5566,0,0
,,,0,85,1,0,51022,16,1,186,5511,75,0,0,26543,2,0,169,0,7,0,0,21,0,0,2,5526,0,0
,,,0,87,1,0,249176,16,1,170,5509,75,0,0,26540,2,3,171,0,1,0,0,4,0,0,4,5567,0,0
Claus,,Schromm,0,82,1,0,249147,16,1,180,5511,75,0,0,26539,2,0,172,0,1,0,0,21,0,0,3,5553,0,0
,,,0,81,1,0,152260,16,1,181,5558,75,0,0,26540,2,3,175,0,1,0,0,4,0,0,4,5552,0,0
Brian,,Rice,0,82,1,0,249069,16,1,183,5546,75,0,0,26544,2,0,184,0,9,0,0,42,0,0,4,5576,0,0
Siniša,,Mihajlović,0,85,1,0,250510,16,1,185,5509,75,0,0,26540,4,3,189,0,1,1,0,51,0,0,4,5517,0,0
Eugenio,,Corini,0,87,1,0,5244,16,1,173,5512,75,0,0,26538,2,0,190,0,2,0,0,27,0,0,3,5501,0,0
Jesse,,Marsch,0,81,1,0,16836,16,1,180,5536,75,0,0,26541,2,3,191,0,6,1,0,95,0,0,2,5570,0,0
Michele,,Marcolini,0,81,1,0,113219,16,1,177,5557,75,0,0,26541,2,3,192,0,6,0,0,27,0,0,2,5566,0,0
,,,0,82,1,0,5203,16,1,182,5539,75,0,0,26540,4,3,199,0,1,0,0,27,0,0,4,5514,0,0
,,,0,82,1,0,250963,16,1,178,5528,75,0,0,26543,4,0,200,0,7,0,0,27,0,0,2,5522,0,0
,,,0,81,1,0,252399,16,1,178,5555,75,0,0,26543,2,0,205,0,7,0,0,27,0,0,2,5569,0,0
Ivan,,Jurić,0,87,1,0,155191,16,1,174,5501,75,0,0,26543,2,0,206,0,7,0,0,10,0,0,2,5566,0,0
Nestor,,El Maestro,0,82,1,0,252768,16,1,180,5509,75,0,0,26538,2,0,209,0,2,0,0,14,0,0,3,5508,0,0
,,,0,82,1,0,250441,16,1,181,5558,75,0,0,26540,2,3,210,0,1,0,0,38,0,0,4,5566,0,0
Nenad,,Bjelica,0,82,1,0,9797,16,1,181,5505,75,0,0,26543,4,0,211,0,7,1,0,10,0,0,2,5505,0,0
,,,0,87,1,0,250168,16,1,169,5521,75,0,0,26543,2,0,212,0,7,0,0,18,0,0,2,5521,0,0
,,,0,82,1,0,249132,16,1,176,5503,75,0,0,26542,2,0,217,0,3,0,0,18,0,0,3,5525,0,0
,,,0,81,1,0,249945,16,1,175,5511,75,0,0,26541,2,3,219,0,6,0,0,38,0,0,2,5506,0,0
,,,0,87,1,0,249051,16,1,174,5532,75,0,0,26542,2,0,224,0,3,0,0,18,0,0,3,5565,0,0
,,,0,82,1,0,8753,16,1,177,5554,75,0,0,26545,9,2,226,0,9,0,0,136,0,0,8,5554,0,0
Simon,,Davies,0,83,1,0,251536,16,1,183,5511,75,0,0,26544,2,0,229,0,9,1,0,50,0,0,4,5506,0,0
László,,Bölöni,0,82,1,0,249887,16,1,178,5511,75,0,0,26542,2,0,230,0,3,0,0,39,0,0,3,5506,0,0
Philippe,,Clement,0,85,1,0,8834,16,1,191,5509,75,0,0,26538,2,0,231,0,2,0,0,7,0,0,3,5508,0,0
Michel,,Preud'homme,0,81,1,0,191191,16,1,183,5509,75,0,0,26537,2,0,232,0,1,1,0,7,0,0,3,5523,0,0
Bruno Miguel,Bruno Lage,Silva do Nascimento,0,84,1,0,249078,16,1,190,5509,75,0,0,26540,4,3,234,0,1,0,0,38,0,0,4,5506,0,0
Sérgio Paulo,Sérgio Conceição,Conceição,0,82,1,0,250492,16,1,176,5507,75,0,0,26543,4,0,236,0,7,1,0,38,0,0,2,5504,0,0
Marcel,,Keizer,0,82,1,0,249977,16,1,182,5509,75,0,0,26538,2,0,237,0,2,0,0,34,0,0,3,5506,0,0
Diego,,Simeone,0,81,1,0,5571,16,1,177,5509,77,1,0,5571,4,0,240,0,6,1,0,52,0,0,4,5500,0,0
Ernesto,Ernesto Valverde,Valverde Tejedor,0,87,1,0,249332,16,1,169,5517,75,0,0,26540,2,3,241,0,1,0,0,45,0,0,4,5517,0,0
Juan Antonio,Anquela,Albacete Anquela,0,82,1,0,249791,16,1,178,5505,75,0,0,26540,2,3,242,0,1,1,0,45,0,0,4,5505,0,0
Zinedine,,Zidane,0,85,1,0,238399,16,1,185,5514,78,1,0,238399,2,0,243,0,5,0,0,18,0,0,3,5517,0,0
Víctor,Víctor Fernández,Fernández Braulio,0,87,1,0,250653,16,1,173,5511,75,0,0,26544,2,0,244,0,9,0,0,45,0,0,4,5517,0,0
,,,0,81,1,0,249329,16,1,182,5524,75,0,0,26538,2,0,245,0,2,0,0,34,0,0,3,5524,0,0
,,,0,84,1,0,5740,16,1,191,5500,75,0,0,26538,2,0,246,0,2,0,0,34,0,0,3,5508,0,0
,,,0,85,1,0,19765,16,1,187,5557,75,0,0,26543,2,0,247,0,7,0,0,34,0,0,2,5533,0,0
Valérien,,Ismaël,0,85,1,0,45367,16,1,191,5558,75,0,0,26540,6,3,252,0,1,0,0,18,0,0,4,5503,0,0
Dietmar,,Kühbauer,0,88,1,0,50182,16,1,173,5527,75,0,0,26537,2,0,254,0,1,1,0,4,0,0,3,5534,0,0
Christian,,Ilzer,0,82,1,0,249125,16,1,183,5511,75,0,0,26538,2,0,256,0,2,1,0,4,0,0,3,5520,0,0
Aritz,,López Garai,0,81,1,0,146104,16,1,182,5555,75,0,0,26540,2,3,260,0,1,0,0,45,0,0,4,5504,0,0
Jindřich,,Trpišovský,0,82,1,0,249675,16,1,180,5506,75,0,0,26544,2,0,266,0,9,0,0,12,0,0,4,5506,0,0
Václav,,Jílek,0,84,1,0,250937,16,1,185,5524,75,0,0,26539,2,0,267,0,1,0,0,12,0,0,3,5524,0,0
Niels,,Frederiksen,0,82,1,0,250172,16,1,180,5529,75,0,0,26538,2,0,269,0,2,0,0,13,0,0,3,5523,0,0
Kent,,Nielsen,0,86,1,0,249849,16,1,192,5511,75,0,0,26540,2,3,270,0,1,0,0,13,0,0,4,5567,0,0
David,,Nielsen,0,81,1,0,101981,16,1,183,5511,75,0,0,26545,9,2,271,0,9,1,0,13,0,0,8,5551,0,0
Jakob,,Michelsen,0,88,1,0,249625,16,1,174,5535,75,0,0,26540,2,3,272,0,1,0,0,13,0,0,4,5505,0,0
José Miguel,Miguel Cardoso,Azevedo Cardoso,0,82,1,0,249779,16,1,176,5535,75,0,0,26538,2,0,278,0,2,0,0,38,0,0,3,5505,0,0
Pedro Rui,Pedro Martins,Vieira Martins,0,82,1,0,250282,16,1,178,5527,75,0,0,26541,2,3,280,0,6,0,0,38,0,0,2,5523,0,0
,,,0,88,1,0,251099,16,1,174,5509,75,0,0,26538,2,0,294,0,2,0,0,18,0,0,3,5508,0,0
Eirik,,Horneland,0,81,1,0,249307,16,1,180,5511,75,0,0,26540,2,3,298,0,1,0,0,36,0,0,4,5520,0,0
Jörgen,,Lennartsson,0,86,1,0,249731,16,1,185,5560,75,0,0,26539,2,0,299,0,1,0,0,46,0,0,3,5523,0,0
Bjarne,,Berntsen,0,83,1,0,249056,16,1,175,5511,75,0,0,26539,2,0,300,0,1,0,0,36,0,0,3,5551,0,0
Keith,,Long,0,82,1,0,3362,16,1,180,5511,75,0,0,26537,2,0,305,0,1,0,0,25,0,0,3,5510,0,0
Stephen,,Bradley,0,88,1,0,169187,16,1,170,5510,75,0,0,26540,2,3,306,0,1,0,0,25,0,0,4,5567,0,0
Corneliu,,Papura,0,84,1,0,250985,16,1,185,5511,75,0,0,26538,2,0,308,0,2,1,0,39,0,0,3,5522,0,0
Viktor,,Gancharenko,0,88,1,0,250656,16,1,171,5530,75,0,0,26541,2,3,315,0,6,0,0,6,0,0,2,5505,0,0
Poya,,Asbaghi,0,82,1,0,250326,16,1,180,5511,75,0,0,26543,4,0,319,0,7,0,0,161,0,0,2,5521,0,0
Uwe,,Rösler,0,85,1,0,250629,16,1,185,5555,75,0,0,26538,2,0,320,0,2,0,0,21,0,0,3,5512,0,0
Alain,,Geiger,0,82,1,0,252441,16,1,180,5555,75,0,0,26540,4,3,324,0,1,0,0,47,0,0,4,5523,0,0
Fatih,,Terim,0,89,1,0,183635,16,1,172,5505,75,0,0,26544,4,0,325,0,9,1,0,48,0,0,4,5505,0,0
Ersun,,Yanal,0,82,1,0,249339,16,1,178,5535,75,0,0,26540,2,3,326,0,1,0,0,48,0,0,4,5503,0,0
Abdullah,,Avci,0,82,1,0,248886,16,1,178,5505,75,0,0,26540,4,3,327,0,1,0,0,48,0,0,4,5505,0,0
Fabio,,Liverani,0,82,1,0,45124,16,1,175,5551,75,0,0,26545,6,2,347,0,9,0,0,27,0,0,8,5517,0,0
,,,0,86,1,0,151481,16,1,185,5511,75,0,0,26538,2,0,357,0,2,0,0,14,0,0,3,5506,0,0
,,,0,82,1,0,151443,16,1,183,5506,75,0,0,26544,6,0,361,0,9,0,0,145,0,0,4,5569,0,0
,,,0,81,1,0,250197,16,1,177,5531,75,0,0,26541,2,3,378,0,6,0,0,18,0,0,2,5523,0,0
,,,0,82,1,0,249211,16,1,177,5500,75,0,0,26540,2,3,379,0,1,0,0,18,0,0,4,5500,0,0
Abel Fernando,Abel,Moreira Ferreira,0,82,1,0,17880,16,1,178,5561,75,0,0,26541,2,3,393,0,6,0,0,38,0,0,2,5575,0,0
Erling,,Moe,0,83,1,0,249331,16,1,180,5511,75,0,0,26540,2,3,417,0,1,0,0,36,0,0,4,5551,0,0
Simo,,Valakari,0,82,1,0,4373,16,1,178,5529,75,0,0,26543,4,0,418,0,7,0,0,17,0,0,2,5508,0,0
Marcin,,Brosz,0,81,1,0,249989,16,1,180,5506,75,0,0,26541,2,3,420,0,6,0,0,37,0,0,2,5566,0,0
Frank,,Kelleher,0,82,1,0,252674,16,1,184,5506,75,0,0,26539,2,0,422,0,1,0,0,25,0,0,3,5506,0,0
Harry,,Kenny,0,83,1,0,249539,16,1,175,5510,75,0,0,26542,2,0,423,0,3,0,0,25,0,0,3,5510,0,0
Henrik,,Larsson,0,81,1,0,52241,16,1,178,5511,75,0,0,26544,4,0,432,0,9,0,0,46,0,0,4,5510,0,0
Rikard,,Norling,0,84,1,0,250386,16,1,185,5529,75,0,0,26541,2,3,433,0,6,0,0,46,0,0,2,5590,0,0
Joël,,Magnin,0,82,1,0,251406,16,1,178,5545,75,0,0,26544,2,0,435,0,9,0,0,47,0,0,4,5521,0,0
Ünal,,Karaman,0,83,1,0,250624,16,1,180,5529,75,0,0,26543,2,0,436,0,7,0,0,48,0,0,2,5500,0,0
Declan,,Devine,0,82,1,0,157093,16,1,183,5511,75,0,0,26543,2,0,445,0,7,0,0,35,0,0,2,5510,0,0
Gaizka,Gaizka Garitano,Garitano Aguirre,0,81,1,0,113348,16,1,184,5511,75,0,0,26543,4,0,448,0,7,0,0,45,0,0,2,5520,0,0
Joan Francesc,Rubi,Ferrer Sicilia,0,88,1,0,249684,16,1,170,5505,75,0,0,26541,2,3,449,0,6,0,0,45,0,0,2,5523,0,0
Francisco,Fran Escribá,Escribá Segura,0,87,1,0,249399,16,1,170,5500,75,0,0,26537,2,0,450,0,1,0,0,45,0,0,3,5505,0,0
David,David Gallego,Gallego Rodríguez,0,88,1,0,113162,16,1,165,5504,75,0,0,26543,2,0,452,0,7,0,0,45,0,0,2,5523,0,0
Vicente,Vicente Moreno,Moreno Peris,0,84,1,0,113071,16,1,188,5514,75,0,0,26540,2,3,453,0,1,0,0,45,0,0,4,5500,0,0
Iván,Iván Ania,Ania Cadavieco,0,81,1,0,250880,16,1,175,5504,75,0,0,26541,4,3,456,0,6,1,0,45,0,0,2,5523,0,0
Imanol,Imanol Alguacil,Alguacil,0,84,1,0,249601,16,1,187,5513,75,0,0,26540,2,3,457,0,1,0,0,45,0,0,4,5523,0,0
José Alberto,José Alberto,López Menéndez,0,83,1,0,249745,16,1,175,5558,75,0,0,26538,2,0,459,0,2,0,0,45,0,0,3,5520,0,0
Marcelino,Marcelino,García Toral,0,88,1,0,241611,16,1,170,5505,73,1,0,241611,2,0,461,0,4,1,0,45,0,0,2,5513,0,0
Sergio,Sergio González,González Soriano,2,82,1,0,135804,16,4000,182,5504,77,1,0,135804,2,0,462,0,3,0,0,45,0,0,4,5523,0,0
Asier,Asier Garitano,Garitano,0,88,1,0,249029,16,1,169,5555,75,0,0,26540,2,3,463,0,1,0,0,45,0,0,4,5512,0,0
José Luis,Mendilibar,Mendilibar,0,88,1,0,241378,16,1,174,5510,69,1,0,241378,2,0,467,0,4,1,0,45,0,0,2,5510,0,0
Juan José,Pacheta,Rojo Martín,0,81,1,0,249805,16,1,184,5558,75,0,0,26543,2,0,468,0,7,0,0,45,0,0,2,5520,0,0
Manuel,Manu Mosquera,Mosquera Bastida,0,88,1,0,249970,16,1,173,5524,75,0,0,26541,2,3,469,0,6,0,0,45,0,0,2,5523,0,0
José,Pepe Mel,Mel Pérez,0,83,1,0,249739,16,1,179,5518,75,0,0,26544,2,0,472,0,9,1,0,45,0,0,4,5518,0,0
Luis Miguel,Luis Carrión,Carrión Delgado,0,82,1,0,145151,16,1,176,5505,75,0,0,26541,2,3,477,0,6,0,0,45,0,0,2,5505,0,0
Jagoba,Jagoba Arrasate,Arrasate Elustondo,0,89,1,0,172720,16,1,169,5558,75,0,0,26539,2,0,479,0,1,0,0,45,0,0,3,5514,0,0
Francisco,Paco Jémez,Jémez Martín,0,82,1,0,110008,16,1,180,5517,75,0,0,26544,4,0,480,0,9,0,0,45,0,0,4,5514,0,0
Julen,Julen Lopetegui,Lopetegui Argote,0,84,1,0,243874,16,1,187,5517,77,1,0,243874,2,4,481,0,5,0,0,45,0,0,3,5517,0,0
Javier,Javier Calleja,Calleja Revilla,2,88,3,0,45490,16,2004,171,5513,76,1,0,45490,4,3,483,2,4,0,0,45,0,0,2,5534,0,0
,,,0,85,1,0,250123,16,1,189,5556,75,0,0,26540,2,3,485,0,1,0,0,21,0,0,4,5504,0,0
,,,0,82,1,0,105292,16,1,180,5511,75,0,0,26545,9,2,487,0,9,0,0,21,0,0,8,5526,0,0
,,,0,82,1,0,109317,16,1,184,5527,75,0,0,26541,2,3,492,0,6,1,0,21,0,0,2,5552,0,0
,,,0,82,1,0,249161,16,1,182,5511,75,0,0,26543,2,0,503,0,7,0,0,21,0,0,2,5506,0,0
,,,0,85,1,0,249184,16,1,185,5511,75,0,0,26541,2,3,506,0,6,0,0,21,0,0,2,5566,0,0
David,,Bergner,0,84,1,0,130147,16,1,197,5511,75,0,0,26541,2,3,507,0,6,0,0,21,0,0,2,5551,0,0
,,,0,89,1,0,249295,16,1,165,5526,75,0,0,26540,4,3,517,0,1,1,0,54,0,0,4,5565,0,0
Sven,,Hübscher,0,85,1,0,250554,16,1,191,5511,75,0,0,26539,2,0,531,0,1,0,0,21,0,0,3,5554,0,0
,,,0,82,1,0,251583,16,1,180,5532,75,0,0,26544,2,0,543,0,9,0,0,8,0,0,4,5567,0,0
,,,0,88,1,0,250016,16,1,173,5506,75,0,0,26540,2,3,561,0,1,0,0,14,0,0,4,5569,0,0
Liam,,Buckley,0,89,1,0,249915,16,1,173,5511,75,0,0,26539,2,0,563,0,1,0,0,25,0,0,3,5533,0,0
,,,0,82,1,0,135297,16,1,183,5554,75,0,0,26543,4,0,567,0,7,0,0,54,0,0,2,5522,0,0
,,,0,85,1,0,21570,16,1,188,5507,75,0,0,26540,2,3,568,0,1,0,0,54,0,0,4,5523,0,0
Víctor,Víctor Sánchez,Sánchez del Amo,0,81,1,0,110158,16,1,183,5578,75,0,0,26541,2,3,573,0,6,0,0,45,0,0,2,5523,0,0
,,,0,82,1,0,248975,16,1,183,5511,75,0,0,26538,2,0,576,0,2,0,0,21,0,0,3,5554,0,0
Răzvan,,Lucescu,0,81,1,0,250354,16,1,179,5538,75,0,0,26543,4,0,605,0,7,1,0,39,0,0,2,5590,0,0
José Luis,,Sierra,0,82,1,0,249767,16,1,181,5509,75,0,0,26540,4,3,607,0,1,0,0,55,0,0,4,5510,0,0
,,,0,82,1,0,250201,16,1,182,5554,75,0,0,26538,2,0,614,0,2,0,0,18,0,0,3,5554,0,0
Gary,,Holt,0,82,1,0,249451,16,1,183,5544,75,0,0,26539,2,0,621,0,1,1,0,42,0,0,3,5514,0,0
Stuart,,Kettlewell,0,82,1,0,208673,16,1,183,5506,75,0,0,26543,2,0,631,0,7,0,0,42,0,0,2,5506,0,0
,,,0,82,1,0,251097,16,1,180,5507,75,0,0,26538,2,0,634,0,2,0,0,34,0,0,3,5507,0,0
,,,0,84,1,0,248954,16,1,185,5503,75,0,0,26539,2,0,650,0,1,0,0,34,0,0,3,5523,0,0
Sandro Miguel,Sandro Mendes,Laranjeira Mendes,0,82,1,0,14498,16,1,180,5511,75,0,0,26545,8,2,665,0,9,0,0,104,0,0,8,5566,0,0
Augusto,Augusto Inácio,Soares Inácio,0,88,1,0,249034,16,1,173,5505,75,0,0,26539,4,0,666,0,1,0,0,38,0,0,3,5533,0,0
Karim,,Belhocine,0,85,1,0,175911,16,1,187,5511,75,0,0,26543,4,0,670,0,7,0,0,18,0,0,2,5506,0,0
Felice,,Mazzu,0,82,1,0,249366,16,1,183,5529,75,0,0,26543,2,0,673,0,7,0,0,7,0,0,2,5500,0,0
Jess,,Thorup,0,84,1,0,17455,16,1,190,5511,75,0,0,26544,2,0,674,0,9,0,0,13,0,0,4,5506,0,0
Marc,,Brys,0,88,1,0,249974,16,1,173,5555,75,0,0,26542,2,0,680,0,3,0,0,7,0,0,3,5507,0,0
Kåre,,Ingebrigtsen,0,82,1,0,249830,16,1,175,5511,75,0,0,26542,2,0,682,0,3,1,0,36,0,0,3,5506,0,0
,,,0,81,1,0,249083,16,1,175,5530,75,0,0,26541,2,3,687,0,6,0,0,95,0,0,2,5517,0,0
,,,0,87,1,0,16169,16,1,174,5514,75,0,0,26543,2,0,688,0,7,1,0,95,0,0,2,5534,0,0
,,,0,88,1,0,18103,16,1,170,5511,75,0,0,26538,5,0,689,0,2,0,0,95,0,0,3,5523,0,0
,,,0,83,1,0,249071,16,1,183,5502,75,0,0,26544,4,0,691,0,9,0,0,95,0,0,4,5503,0,0
,,,0,82,1,0,250645,16,1,184,5527,75,0,0,26540,4,3,693,0,1,1,0,51,0,0,4,5567,0,0
,,,0,85,1,0,251858,16,1,185,5511,75,0,0,26538,2,0,694,0,2,0,0,95,0,0,3,5526,0,0
,,,0,88,1,0,167341,16,1,173,5511,75,0,0,26543,4,0,695,0,7,0,0,95,0,0,2,5505,0,0
,,,0,85,1,0,250306,16,1,185,5531,75,0,0,26538,2,0,696,0,2,1,0,95,0,0,3,5502,0,0
,,,0,87,1,0,142988,16,1,171,5503,75,0,0,26543,4,0,697,0,7,1,0,52,0,0,2,5503,0,0
,,,0,81,1,0,252744,16,1,183,5528,75,0,0,26541,6,3,698,0,6,0,0,95,0,0,2,5513,0,0
Jimmy,,Thelin,0,82,1,0,249671,16,1,180,5560,75,0,0,26541,2,3,700,0,6,0,0,46,0,0,2,5505,0,0
Jens,,Gustafsson,0,83,1,0,249657,16,1,182,5548,75,0,0,26543,2,0,702,0,7,0,0,46,0,0,2,5501,0,0
Axel,,Kjäll,0,81,1,0,20947,16,1,179,5511,75,0,0,26541,2,3,705,0,6,0,0,46,0,0,2,5514,0,0
Stefan,,Billborn,0,82,1,0,250518,16,1,177,5511,75,0,0,26539,2,0,708,0,1,0,0,46,0,0,3,5566,0,0
Kim,,Bergstrand,0,82,1,0,249857,16,1,180,5544,75,0,0,26540,2,3,710,0,1,0,0,46,0,0,4,5551,0,0
Andreas,,Alm,0,82,1,0,41487,16,1,180,5529,75,0,0,26540,2,3,711,0,1,0,0,46,0,0,4,5512,0,0
Bülent,,Korkmaz,0,81,1,0,7000,16,1,180,5530,75,0,0,26540,2,3,741,0,1,0,0,48,0,0,4,5513,0,0
Carlos Augusto,Carlos Carvalhal,Carvalhal,0,82,1,0,243208,16,1,178,5505,82,1,0,243208,4,0,744,0,1,0,0,38,0,0,2,5505,0,0
Alan,,Reynolds,0,82,1,0,149774,16,1,177,5511,75,0,0,26539,2,0,753,0,1,0,0,25,0,0,3,5510,0,0
Ståle,,Solbakken,0,84,1,0,250516,16,1,190,5511,75,0,0,26538,2,0,819,0,2,1,0,36,0,0,3,5506,0,0
Jacob,,Friis,0,82,1,0,249620,16,1,182,5511,75,0,0,26544,2,0,820,0,9,0,0,13,0,0,4,5526,0,0
Vinny,,Perth,0,81,1,0,149751,16,1,182,5511,75,0,0,26539,2,0,837,0,1,0,0,25,0,0,3,5510,0,0
Dariusz,,Żuraw,0,82,1,0,51001,16,1,183,5564,75,0,0,26544,2,0,873,0,9,0,0,37,0,0,4,5508,0,0
Ludovic,,Magnin,0,85,1,0,45517,16,1,185,5560,75,0,0,26539,2,0,894,0,1,1,0,47,0,0,3,5523,0,0
Marcel,,Koller,0,87,1,0,249978,16,1,173,5535,75,0,0,26544,2,0,896,0,9,0,0,47,0,0,4,5513,0,0
Thomas,,Häberli,0,81,1,0,7053,16,1,182,5509,75,0,0,26538,2,0,897,0,2,0,0,47,0,0,3,5565,0,0
Peter,,Zeidler,0,81,1,0,250308,16,1,184,5555,75,0,0,26538,2,0,898,0,2,1,0,21,0,0,3,5521,0,0
Gerardo,,Seoane,0,87,1,0,138420,16,1,172,5560,75,0,0,26541,2,3,900,0,6,0,0,47,0,0,2,5580,0,0
Jan,,Jönsson,0,82,1,0,249632,16,1,177,5548,75,0,0,26542,2,0,917,0,3,0,0,46,0,0,3,5523,0,0
Kjetil,,Knutsen,0,81,1,0,249860,16,1,182,5511,75,0,0,26541,2,3,918,0,6,0,0,36,0,0,2,5506,0,0
Lars Arne,,Nilsen,0,84,1,0,249885,16,1,185,5511,75,0,0,26540,2,3,919,0,1,0,0,36,0,0,4,5520,0,0
Ronny,,Deila,0,85,1,0,30398,16,1,188,5511,75,0,0,26540,2,3,920,0,1,0,0,36,0,0,4,5510,0,0
Henrik,,Pedersen,0,85,1,0,249555,16,1,186,5527,75,0,0,26538,2,0,922,0,2,0,0,13,0,0,3,5522,0,0
,,,0,81,1,0,136703,16,1,177,5590,75,0,0,26546,4,0,981,0,9,0,0,167,0,0,4,5534,0,0
,,,0,81,1,0,250702,16,1,184,5557,75,0,0,26546,4,0,982,0,9,1,0,167,0,0,4,5588,0,0
,,,0,82,1,0,249916,16,1,182,5509,75,0,0,26546,2,0,983,0,9,0,0,167,0,0,4,5520,0,0
Juan Antonio,,Pizzi,0,85,1,0,249793,16,1,185,5517,75,0,0,26541,4,3,1013,0,6,1,0,45,0,0,2,5517,0,0
Javier,,Torrente,0,87,1,0,249649,16,1,170,5559,75,0,0,26544,4,0,1028,0,9,0,0,52,0,0,4,5523,0,0
Diego,,Alonso,0,84,1,0,49368,16,1,188,5530,75,0,0,26543,2,0,1032,0,7,1,0,60,0,0,2,5517,0,0
,,,0,82,1,0,250415,16,1,181,5506,75,0,0,26539,4,0,1035,0,1,0,0,54,0,0,3,5566,0,0
,,,0,84,1,0,250587,16,1,186,5500,75,0,0,26540,2,3,1039,0,1,0,0,54,0,0,4,5508,0,0
,,,0,82,1,0,250191,16,1,179,5526,75,0,0,26539,2,0,1048,0,1,1,0,54,0,0,3,5569,0,0
,,,0,88,1,0,249722,16,1,165,5510,75,0,0,26538,4,0,1053,0,2,1,0,52,0,0,3,5567,0,0
Gareth,,Southgate,0,81,1,0,42,16,1,183,5541,75,0,0,26540,2,3,1318,0,1,0,0,14,0,0,4,5518,0,0
,,,0,82,1,0,249416,16,1,180,5535,75,0,0,26540,2,3,1322,0,1,1,0,21,0,0,4,5500,0,0
,,,0,81,1,0,53951,16,1,175,5535,75,0,0,26544,4,0,1325,0,9,0,0,45,0,0,4,5501,0,0
,,,0,82,1,0,252334,16,1,176,5563,75,0,0,26543,2,0,1327,0,7,0,0,9,0,0,2,5566,0,0
Jaroslav,,Šilhavý,0,81,1,0,249646,16,1,180,5517,75,0,0,26542,2,0,1330,0,3,0,0,12,0,0,3,5517,0,0
Åge,,Hareide,0,83,1,0,248910,16,1,180,5545,75,0,0,26537,2,0,1331,0,1,0,0,36,0,0,3,5507,0,0
,,,0,84,1,0,250025,16,1,185,5564,75,0,0,26540,2,3,1334,0,1,0,0,17,0,0,4,5501,0,0
Didier,,Deschamps,0,88,1,0,220469,16,1,169,5511,75,0,0,26537,2,0,1335,0,1,0,0,18,0,0,3,5513,0,0
Joachim,,Löw,0,2,1,0,183622,16,1,182,5529,78,1,0,183622,2,0,1337,0,9,0,0,21,0,0,2,5523,0,0
John,,van't Schip,0,82,1,0,249704,16,1,182,5511,75,0,0,26540,4,3,1338,0,1,0,0,34,0,0,4,5505,0,0
Erik,,Hamrén,0,82,1,0,249328,16,1,175,5530,75,0,0,26543,2,0,1341,0,7,0,0,46,0,0,2,5512,0,0
,,,0,82,1,0,225576,16,1,179,5530,75,0,0,26543,2,0,1343,0,7,0,0,27,0,0,2,5512,0,0
Lars,,Lagerbäck,0,83,1,0,183631,16,1,180,5511,75,0,0,26537,2,0,1352,0,1,0,0,46,0,0,3,5551,0,0
,,,0,87,1,0,18138,16,1,174,5529,75,0,0,26540,2,3,1353,0,1,0,0,37,0,0,4,5585,0,0
Fernando Manuel,Fernando Santos,da Costa Santos,0,88,1,0,249380,16,1,173,5517,75,0,0,26542,4,0,1354,0,3,0,0,38,0,0,3,5517,0,0
Mick,,McCarthy,0,85,1,0,250097,16,1,188,5511,75,0,0,26542,2,0,1355,0,3,0,0,25,0,0,3,5554,0,0
Cosmin,,Contra,0,82,1,0,760,16,1,180,5547,75,0,0,26543,2,0,1356,0,7,1,0,39,0,0,2,5500,0,0
Stanislav,,Cherchesov,0,83,1,0,239195,16,1,183,5528,75,1,0,239195,2,0,1357,0,3,1,0,40,0,0,4,5525,0,0
Steve,,Clarke,0,82,1,0,250538,16,1,178,5501,75,0,0,26544,2,0,1359,0,9,0,0,42,0,0,4,5501,0,0
,,,0,82,1,0,250056,16,1,184,5526,75,0,0,26544,2,0,1361,0,9,0,0,44,0,0,4,5526,0,0
Robert,Robert Moreno,Moreno González,0,81,1,0,251150,16,1,180,5525,75,0,0,26541,2,3,1362,0,6,0,0,45,0,0,2,5525,0,0
Jan,,Andersson,0,82,1,0,249629,16,1,180,5530,75,0,0,26542,2,0,1363,0,3,1,0,46,0,0,3,5507,0,0
,,,0,85,1,0,241152,16,1,190,5536,75,0,0,26537,4,0,1364,0,1,0,0,8,0,0,3,5575,0,0
Şenol,,Güneş,0,82,1,0,250476,16,1,178,5505,75,0,0,26537,4,0,1365,0,1,0,0,48,0,0,3,5505,0,0
Ryan,,Giggs,0,81,1,0,241,16,1,179,5558,75,0,0,26543,2,0,1367,0,7,0,0,50,0,0,2,5520,0,0
Lionel,,Scaloni,0,81,1,0,8842,16,1,182,5521,75,0,0,26543,4,0,1369,0,7,0,0,52,0,0,2,5522,0,0
,,,0,82,1,0,239194,16,1,184,5500,75,0,0,26542,4,0,1370,0,3,1,0,54,0,0,3,5505,0,0
,,,0,81,1,0,10942,16,1,180,5525,75,0,0,26541,2,3,1375,0,6,0,0,52,0,0,2,5525,0,0
,,,0,88,1,0,220916,16,1,174,5506,75,0,0,26537,4,0,1377,0,1,0,0,60,0,0,3,5506,0,0
Gerardo,,Martino,0,83,1,0,249463,16,1,175,5527,75,0,0,26542,2,0,1386,0,3,0,0,52,0,0,3,5510,0,0
,,,0,85,1,0,18887,16,1,185,5557,75,0,0,26538,2,0,1387,0,2,0,0,95,0,0,3,5523,0,0
,,,0,83,1,0,63040,16,1,180,5500,75,0,0,26537,2,0,1395,0,1,1,0,14,0,0,3,5500,0,0
Marcello,,Lippi,0,82,1,0,192941,16,1,182,5502,75,0,0,26539,2,0,1413,0,1,0,0,27,0,0,3,5503,0,0
Graham,,Arnold,0,82,1,0,249495,16,1,183,5501,75,0,0,26544,2,0,1415,0,9,0,0,195,0,0,4,5501,0,0
João Alexandre,João Henriques,Nunes Henriques,0,82,1,0,249685,16,1,180,5507,75,0,0,26539,2,0,1438,0,1,0,0,38,0,0,3,5523,0,0
Magnus,,Pehrsson,0,85,1,0,249963,16,1,190,5529,75,0,0,26541,2,3,1439,0,6,0,0,46,0,0,2,5514,0,0
John,,Lammers,0,82,1,0,249700,16,1,180,5547,75,0,0,26537,2,0,1445,0,1,0,0,34,0,0,3,5523,0,0
Bo,,Henriksen,0,82,1,0,140433,16,1,178,5509,75,0,0,26541,2,3,1446,0,6,1,0,13,0,0,2,5507,0,0
Glen,,Riddersholm,0,82,1,0,249490,16,1,181,5547,75,0,0,26539,2,0,1447,0,1,1,0,13,0,0,3,5506,0,0
Dag-Eilev,,Fagermo,0,86,1,0,249172,16,1,187,5511,75,0,0,26539,2,0,1456,0,1,1,0,36,0,0,3,5510,0,0
Yücel,,İldiz,0,89,1,0,251860,16,1,174,5528,75,0,0,26537,2,0,1457,0,1,1,0,48,0,0,3,5513,0,0
Jostein,,Grindhaug,0,88,1,0,104481,16,1,174,5511,75,0,0,26540,2,3,1463,0,1,1,0,36,0,0,4,5551,0,0
,,,0,82,1,0,136717,16,1,183,5509,75,0,0,26546,5,0,1473,0,9,0,0,167,0,0,4,5567,0,0
,,,0,88,1,0,249856,16,1,171,5520,75,0,0,26546,5,0,1474,0,9,0,0,167,0,0,4,5520,0,0
,,,0,88,1,0,249772,16,1,174,5578,75,0,0,26545,5,2,1477,0,9,0,0,38,0,0,8,5578,0,0
,,,0,82,1,0,250709,16,1,178,5544,75,0,0,26546,4,0,1478,0,9,0,0,167,0,0,4,5551,0,0
,,,0,82,1,0,3448,16,1,183,5511,75,0,0,26539,2,0,1480,0,1,0,0,42,0,0,3,5506,0,0
Kenneth,,Andersen,0,81,1,0,249844,16,1,182,5511,75,0,0,26540,2,3,1516,0,1,0,0,13,0,0,4,5510,0,0
,,,0,89,1,0,250533,16,1,170,5557,75,0,0,26540,2,3,1530,0,1,0,0,18,0,0,4,5508,0,0
Radosław,,Sobolewski,0,82,1,0,252402,16,1,182,5511,75,0,0,26538,2,0,1569,0,2,0,0,37,0,0,3,5510,0,0
Joel,,Cedergren,0,85,1,0,21167,16,1,188,5530,75,0,0,26538,2,0,1596,0,2,0,0,46,0,0,3,5504,0,0
,,,0,82,1,0,135522,16,1,177,5520,75,0,0,26545,6,2,1598,0,9,0,0,54,0,0,8,5568,0,0
,,,0,82,1,0,250360,16,1,184,5507,75,0,0,26543,4,0,1629,0,7,1,0,54,0,0,2,5534,0,0
Marc,,Schneider,0,82,1,0,47691,16,1,180,5557,75,0,0,26541,2,3,1715,0,6,0,0,47,0,0,2,5565,0,0
,,,0,84,1,0,250258,16,1,186,5503,75,0,0,26544,2,0,1738,0,9,0,0,18,0,0,4,5534,0,0
,,,0,89,1,0,250867,16,1,174,5557,75,0,0,26539,2,0,1739,0,1,0,0,18,0,0,3,5508,0,0
Cristian,,Bucchi,0,84,1,0,249159,16,1,186,5553,75,0,0,26538,2,0,1746,0,2,0,0,27,0,0,3,5584,0,0
Fabien,,Mercadal,0,82,1,0,249356,16,1,180,5509,75,0,0,26543,2,0,1750,0,7,0,0,18,0,0,2,5553,0,0
Franz,,Ponweiser,0,84,1,0,251253,16,1,186,5511,75,0,0,26541,2,3,1785,0,6,0,0,4,0,0,2,5526,0,0
Thomas,,Thomasberg,0,83,1,0,41039,16,1,180,5511,75,0,0,26540,2,3,1786,0,1,0,0,13,0,0,4,5522,0,0
Flemming,,Pedersen,0,82,1,0,249387,16,1,183,5511,75,0,0,26544,2,0,1788,0,9,0,0,13,0,0,4,5510,0,0
,,,0,82,1,0,249846,16,1,178,5558,75,0,0,26539,2,0,1790,0,1,0,0,50,0,0,3,5578,0,0
Daniel,,Farke,0,82,1,0,249179,16,1,182,5509,75,0,0,26541,2,3,1792,0,6,0,0,21,0,0,2,5500,0,0
,,,0,81,1,0,249775,16,1,180,5535,75,0,0,26543,4,0,1793,0,7,0,0,38,0,0,2,5501,0,0
Chris,,Wilder,0,83,1,0,249119,16,1,180,5510,75,0,0,26539,2,0,1794,0,1,1,0,14,0,0,3,5506,0,0
Javier,Javi Gracia,Gracia Carlos,0,84,1,0,243184,16,1,185,5529,76,1,0,243184,2,0,1795,0,5,0,0,45,0,0,2,5514,0,0
Sean,,Dyche,0,82,1,0,51404,16,1,183,5557,86,1,0,51404,2,0,1796,0,6,1,0,14,0,0,3,5576,0,0
,,,0,81,1,0,53904,16,1,175,5506,75,0,0,26544,2,0,1797,0,9,0,0,14,0,0,4,5566,0,0
,,,0,81,1,0,201197,16,1,175,5529,75,0,0,26538,2,0,1798,0,2,0,0,32,0,0,3,5513,0,0
Roy,,Hodgson,0,82,1,0,220467,16,1,180,5538,75,1,0,220467,2,4,1799,0,1,0,0,14,0,0,3,5501,0,0
,,,0,88,1,0,53796,16,1,173,5511,75,0,0,26539,2,0,1800,0,1,0,0,14,0,0,3,5506,0,0
,,,0,88,1,0,2629,16,1,170,5520,75,0,0,26538,2,0,1801,0,2,0,0,42,0,0,3,5520,0,0
,,,0,89,1,0,250542,16,1,170,5547,75,0,0,26539,2,0,1802,0,1,1,0,42,0,0,3,5584,0,0
,,,0,81,1,0,53746,16,1,178,5506,75,0,0,26541,2,3,1803,0,6,1,0,14,0,0,2,5523,0,0
,,,0,82,1,0,249449,16,1,183,5510,75,0,0,26543,2,0,1804,0,7,0,0,14,0,0,2,5507,0,0
,,,0,82,1,0,250314,16,1,178,5513,75,0,0,26540,2,3,1805,0,1,0,0,18,0,0,4,5513,0,0
,,,0,87,1,0,53853,16,1,170,5510,75,0,0,26541,2,3,1806,0,6,1,0,50,0,0,2,5510,0,0
,,,0,85,1,0,17881,16,1,185,5510,75,0,0,26538,2,0,1807,0,2,0,0,42,0,0,3,5510,0,0
Graham,,Potter,0,84,1,0,156320,16,1,185,5529,75,0,0,26540,2,3,1808,0,1,0,0,14,0,0,4,5514,0,0
,,,0,83,1,0,248914,16,1,179,5505,75,0,0,26538,2,0,1809,0,2,0,0,18,0,0,3,5505,0,0
,,,0,89,1,0,250245,16,1,174,5553,75,0,0,26538,2,0,1813,0,2,0,0,18,0,0,3,5533,0,0
,,,0,88,1,0,250244,16,1,173,5510,75,0,0,26537,2,0,1815,0,1,0,0,18,0,0,3,5567,0,0
,,,0,81,1,0,251153,16,1,177,5503,75,0,0,26541,2,3,1816,0,6,0,0,44,0,0,2,5523,0,0
,,,0,88,1,0,249470,16,1,173,5526,75,0,0,26537,4,0,1819,0,1,1,0,18,0,0,3,5526,0,0
,,,0,82,1,0,249651,16,1,180,5535,75,0,0,26543,2,0,1823,0,7,0,0,18,0,0,2,5504,0,0
,,,0,81,1,0,248898,16,1,184,5530,75,0,0,26544,2,0,1824,0,9,0,0,4,0,0,4,5523,0,0
Torsten,,Lieberknecht,0,87,1,0,169229,16,1,174,5511,75,0,0,26538,2,0,1825,0,2,1,0,21,0,0,3,5553,0,0
,,,0,82,1,0,250625,16,1,178,5511,75,0,0,26542,2,0,1831,0,3,0,0,47,0,0,3,5551,0,0
,,,0,82,1,0,248964,16,1,182,5511,75,0,0,26540,2,3,1832,0,1,0,0,21,0,0,4,5510,0,0
Eusebio,,Di Francesco,0,81,1,0,1212,16,1,178,5530,75,0,0,26540,2,3,1837,0,1,1,0,27,0,0,4,5514,0,0
Rolando,,Maran,0,83,1,0,250421,16,1,183,5529,75,0,0,26544,2,0,1842,0,9,0,0,27,0,0,4,5584,0,0
,,,0,82,1,0,159267,16,1,175,5556,75,0,0,26539,2,0,1844,0,1,0,0,27,0,0,3,5554,0,0
,,,0,81,1,0,251109,16,1,184,5555,75,0,0,26541,2,3,1847,0,6,0,0,27,0,0,2,5522,0,0
Francisco,Paco López,López Fernández,0,88,1,0,249402,16,1,170,5500,75,0,0,26544,2,0,1853,0,9,0,0,45,0,0,4,5500,0,0
Luis Miguel,Ramis,Ramis Monfort,0,84,1,0,249953,16,1,190,5512,75,0,0,26540,2,3,1854,0,1,1,0,45,0,0,4,5517,0,0
José,José Bordalás,Bordalás Jiménez,0,82,1,0,249735,16,1,180,5505,75,0,0,26540,2,3,1860,0,1,0,0,45,0,0,4,5507,0,0
Pedro Emanuel,Pedro Emanuel,Martins Silva,0,81,1,0,250278,16,1,182,5564,75,0,0,26543,5,0,1861,0,7,1,0,38,0,0,2,5579,0,0
Aleksandar,,Vuković,0,85,1,0,105530,16,1,186,5529,75,0,0,26538,2,0,1871,0,2,1,0,51,0,0,3,5580,0,0
Maciej,,Stolarczyk,0,85,1,0,106703,16,1,186,5529,75,0,0,26538,2,0,1873,0,2,0,0,37,0,0,3,5514,0,0
Pedro Miguel,Pedro Caixinha,Faria Caixinha,0,82,1,0,250280,16,1,178,5530,75,0,0,26540,4,3,1878,0,1,0,0,38,0,0,4,5501,0,0
Miguel,,Herrera,0,89,1,0,220945,16,1,165,5501,75,0,0,26539,2,0,1879,0,1,1,0,83,0,0,3,5577,0,0
Tomás,,Boy,0,89,1,0,250596,16,1,174,5529,75,0,0,26542,4,0,1880,0,3,1,0,83,0,0,3,5581,0,0
José Miguel,Míchel,González Martín,0,82,1,0,241376,16,1,183,5529,75,0,0,26540,2,3,1881,0,1,0,0,45,0,0,4,5514,0,0
Ricardo,,La Volpe,0,82,1,0,250373,16,1,178,5515,75,0,0,26540,4,3,1882,0,1,1,0,52,0,0,4,5515,0,0
Giorgos,,Donis,0,82,1,0,249481,16,1,175,5511,75,0,0,26544,2,0,1884,0,9,1,0,22,0,0,4,5520,0,0
,,,0,85,1,0,249995,16,1,185,5540,75,0,0,26538,2,0,1886,0,2,0,0,27,0,0,3,5515,0,0
Ivo Ricardo,Ivo Vieira,Abreu Vieira,0,82,1,0,20633,16,1,177,5505,75,0,0,26543,4,0,1887,0,7,0,0,38,0,0,2,5523,0,0
Vítor Manuel,Vítor Oliveira,Oliveira,0,83,1,0,250667,16,1,176,5520,75,0,0,26544,4,0,1888,0,9,1,0,38,0,0,4,5569,0,0
Jorge Manuel,Silas,Rebelo Fernandes,0,81,1,0,13119,16,1,176,5511,75,0,0,26538,6,0,1889,0,2,0,0,38,0,0,3,5510,0,0
Filipe André,Filipe Rocha,Paula da Rocha,0,85,1,0,249382,16,1,190,5511,75,0,0,26543,5,0,1892,0,7,0,0,38,0,0,2,5506,0,0
Nuno Miguel,Nuno Manta,Manta R. dos Santos,0,82,1,0,250188,16,1,178,5501,75,0,0,26541,2,3,1893,0,6,0,0,38,0,0,2,5504,0,0
Ricardo Manuel,Sá Pinto,Silva Sá Pinto,0,82,1,0,250380,16,1,178,5509,75,0,0,26541,4,3,1896,0,6,1,0,38,0,0,2,5523,0,0
José Carlos,Lito Vidigal,Fernandes Vidigal,0,89,1,0,249751,16,1,170,5507,75,0,0,26545,6,2,1898,0,9,0,0,98,0,0,8,5504,0,0
Vítor Fernando,Vítor Campelos,Carvalho Campelos,0,83,1,0,250664,16,1,180,5505,75,0,0,26539,2,0,1900,0,1,0,0,38,0,0,3,5523,0,0
,,,0,85,1,0,249703,16,1,191,5555,75,0,0,26539,2,0,1903,0,1,0,0,34,0,0,3,5505,0,0
,,,0,85,1,0,249431,16,1,188,5557,75,0,0,26544,2,0,1905,0,9,0,0,34,0,0,4,5533,0,0
,,,0,82,1,0,250808,16,1,184,5547,75,0,0,26538,2,0,1906,0,2,0,0,34,0,0,3,5534,0,0
,,,0,81,1,0,248907,16,1,180,5500,75,0,0,26541,2,3,1907,0,6,0,0,34,0,0,2,5508,0,0
,,,0,85,1,0,249491,16,1,185,5532,75,0,0,26540,4,3,1908,0,1,0,0,45,0,0,4,5522,0,0
,,,0,83,1,0,249910,16,1,181,5525,75,0,0,26539,2,0,1909,0,1,1,0,40,0,0,3,5525,0,0
,,,0,83,1,0,249706,16,1,175,5578,75,0,0,26538,2,0,1913,0,2,0,0,34,0,0,3,5578,0,0
,,,0,82,1,0,148823,16,1,182,5561,75,0,0,26541,2,3,1914,0,6,0,0,34,0,0,2,5554,0,0
,,,0,82,1,0,138629,16,1,182,5506,75,0,0,26538,2,0,1915,0,2,0,0,34,0,0,3,5506,0,0
,,,0,83,1,0,250255,16,1,180,5506,75,0,0,26544,2,0,1917,0,9,1,0,14,0,0,4,5506,0,0
,,,0,88,1,0,11785,16,1,168,5544,75,0,0,26543,2,0,1919,0,7,0,0,14,0,0,2,5575,0,0
,,,0,82,1,0,249888,16,1,180,5506,75,0,0,26543,2,0,1920,0,7,0,0,18,0,0,2,5506,0,0
,,,0,85,1,0,139179,16,1,185,5511,75,0,0,26539,2,0,1923,0,1,0,0,14,0,0,3,5567,0,0
,,,0,81,1,0,250581,16,1,182,5511,75,0,0,26540,2,3,1925,0,1,0,0,13,0,0,4,5504,0,0
,,,0,82,1,0,138225,16,1,183,5511,75,0,0,26538,2,0,1926,0,2,0,0,14,0,0,3,5506,0,0
,,,0,82,1,0,13878,16,1,183,5511,75,0,0,26539,2,0,1928,0,1,0,0,14,0,0,3,5506,0,0
,,,0,81,1,0,150729,16,1,177,5554,75,0,0,26540,2,3,1929,0,1,0,0,14,0,0,4,5554,0,0
,,,0,81,1,0,18875,16,1,183,5506,75,0,0,26537,6,0,1930,0,1,0,0,14,0,0,3,5501,0,0
,,,0,82,1,0,50992,16,1,179,5509,75,0,0,26541,2,3,1932,0,6,0,0,21,0,0,2,5510,0,0
,,,0,81,1,0,139479,16,1,178,5558,75,0,0,26540,2,3,1933,0,1,1,0,14,0,0,4,5508,0,0
,,,0,81,1,0,119834,16,1,175,5511,75,0,0,26541,2,3,1934,0,6,0,0,14,0,0,2,5520,0,0
,,,0,81,1,0,2545,16,1,180,5506,75,0,0,26538,2,0,1935,0,2,0,0,14,0,0,3,5506,0,0
,,,0,85,1,0,140975,16,1,185,5562,75,0,0,26541,2,3,1936,0,6,0,0,35,0,0,2,5576,0,0
,,,0,82,1,0,19321,16,1,178,5511,75,0,0,26540,2,3,1938,0,1,1,0,42,0,0,4,5514,0,0
,,,0,81,1,0,247862,16,1,180,5510,75,0,0,26540,2,3,1939,0,1,0,0,21,0,0,4,5510,0,0
,,,0,85,1,0,19582,16,1,187,5511,75,0,0,26541,2,3,1940,0,6,0,0,14,0,0,2,5506,0,0
Eddie,,Howe,0,81,1,0,232297,16,1,178,5509,75,1,0,232297,2,0,1943,0,2,0,0,14,0,0,3,5506,0,0
,,,0,82,1,0,249150,16,1,183,5511,75,0,0,26544,2,0,1944,0,9,0,0,42,0,0,4,5506,0,0
,,,0,84,1,0,252323,16,1,185,5511,75,0,0,26544,2,0,1945,0,9,0,0,14,0,0,4,5510,0,0
,,,0,88,1,0,53895,16,1,164,5527,75,0,0,26541,2,3,1949,0,6,0,0,14,0,0,2,5506,0,0
,,,0,82,1,0,249834,16,1,180,5527,75,0,0,26541,2,3,1951,0,6,0,0,14,0,0,2,5507,0,0
,,,0,82,1,0,249499,16,1,178,5530,75,0,0,26539,2,0,1952,0,1,0,0,35,0,0,3,5523,0,0
,,,0,82,1,0,249851,16,1,183,5558,75,0,0,26542,2,0,1954,0,3,0,0,14,0,0,3,5523,0,0
,,,0,84,1,0,100557,16,1,185,5551,75,0,0,26543,2,0,1955,0,7,0,0,25,0,0,2,5508,0,0
,,,0,87,1,0,251869,16,1,174,5506,75,0,0,26541,2,3,1958,0,6,0,0,14,0,0,2,5506,0,0
,,,0,85,1,0,243028,16,1,188,5560,75,0,0,26545,10,2,1959,0,9,0,0,14,0,0,8,5513,0,0
,,,0,82,1,0,251137,16,1,182,5544,75,0,0,26538,2,0,1960,0,2,0,0,50,0,0,3,5567,0,0
,,,0,83,1,0,245236,16,1,175,5511,75,0,0,26539,2,0,1961,0,1,1,0,14,0,0,3,5510,0,0
,,,0,85,1,0,111310,16,1,188,5527,75,0,0,26539,2,0,1962,0,1,0,0,25,0,0,3,5566,0,0
Álvaro,Álvaro Cervera,Cervera Díaz,0,87,1,0,248965,16,1,165,5548,75,0,0,26539,2,0,1968,0,1,0,0,112,0,0,3,5504,0,0
Ricardo Antônio,Tuca Ferretti,Ferretti Oliveira,0,88,1,0,250379,16,1,173,5520,75,0,0,26542,4,0,1970,0,3,1,0,54,0,0,3,5520,0,0
Beñat,,San José,0,81,1,0,249047,16,1,180,5529,75,0,0,26541,2,3,2013,0,6,0,0,45,0,0,2,5514,0,0
Markus,,Schopp,0,85,1,0,10059,16,1,188,5511,75,0,0,26540,2,3,2017,0,1,0,0,4,0,0,4,5510,0,0
Jon Andoni,Jon Bolo,Pérez Alonso,0,84,1,0,252808,16,1,186,5527,75,0,0,26540,2,3,2023,0,1,0,0,45,0,0,4,5523,0,0
,,,0,83,1,0,250559,16,1,179,5509,75,0,0,26546,4,0,2055,0,9,0,0,167,0,0,4,5505,0,0
,,,0,82,1,0,248976,16,1,177,5509,75,0,0,26544,2,0,2056,0,9,0,0,54,0,0,4,5567,0,0
,,,0,82,1,0,248956,16,1,179,5559,75,0,0,26544,2,0,10029,0,9,0,0,34,0,0,4,5568,0,0
,,,0,82,1,0,650,16,1,178,5511,75,0,0,26539,2,0,10030,0,1,0,0,21,0,0,3,5552,0,0
António José,António Folha,dos Santos Folha,0,88,1,0,249016,16,1,171,5509,75,0,0,26540,5,3,10031,0,1,0,0,38,0,0,4,5567,0,0
Fabio,,Celestini,0,81,1,0,117321,16,1,183,5557,75,0,0,26544,4,0,10032,0,9,0,0,47,0,0,4,5565,0,0
Christian,,Nielsen,0,83,1,0,251130,16,1,175,5511,75,0,0,26541,4,3,15001,0,6,0,0,13,0,0,2,5567,0,0
Francky,,Dury,0,82,1,0,249414,16,1,178,5529,75,0,0,26542,2,0,15005,0,3,0,0,7,0,0,3,5502,0,0
Alex,,Pastoor,0,82,1,0,248940,16,1,180,5529,75,0,0,26541,2,3,15009,0,6,0,0,34,0,0,2,5502,0,0
,,,0,82,1,0,151182,16,1,175,5520,75,0,0,26543,2,0,15015,0,7,1,0,14,0,0,2,5566,0,0
Thomas,,Silberberger,0,82,1,0,251657,16,1,182,5527,75,0,0,26539,2,0,15040,0,1,1,0,4,0,0,3,5521,0,0
,,,0,83,1,0,250099,16,1,178,5511,75,0,0,26543,2,0,15048,0,7,0,0,42,0,0,2,5506,0,0
Yves,,Vanderhaeghe,0,82,1,0,16947,16,1,180,5527,75,0,0,26544,2,0,100081,0,9,0,0,7,0,0,4,5522,0,0
Toni,,Koskela,0,85,1,0,156073,16,1,189,5563,75,0,0,26541,2,3,100325,0,6,0,0,17,0,0,2,5512,0,0
,,,0,82,1,0,250040,16,1,181,5555,75,0,0,26540,2,3,100409,0,1,0,0,47,0,0,4,5521,0,0
,,,0,86,1,0,249246,16,1,190,5555,75,0,0,26544,2,0,100628,0,9,0,0,34,0,0,4,5513,0,0
,,,0,85,1,0,249425,16,1,187,5552,75,0,0,26539,2,0,100634,0,1,0,0,21,0,0,3,5534,0,0
,,,0,82,1,0,249554,16,1,181,5535,75,0,0,26545,6,2,100646,0,9,0,0,34,0,0,8,5503,0,0
,,,0,85,1,0,250397,16,1,194,5559,75,0,0,26541,2,3,100651,0,6,1,0,34,0,0,2,5507,0,0
Dušan,,Uhrin Jr.,0,82,1,0,252696,16,1,176,5535,75,0,0,26542,2,0,100757,0,3,0,0,12,0,0,3,5514,0,0
,,,0,83,1,0,63001,16,1,180,5500,75,0,0,26537,2,0,100761,0,1,1,0,14,0,0,3,5500,0,0
Yuriy,,Semin,0,81,1,0,250711,16,1,176,5548,75,0,0,26537,2,0,100765,0,1,1,0,40,0,0,3,5504,0,0
Oleg,,Kononov,0,81,1,0,250195,16,1,183,5530,75,0,0,26541,2,3,100767,0,6,0,0,40,0,0,2,5500,0,0
Tommy,,Wright,0,86,1,0,250604,16,1,185,5547,75,0,0,26543,2,0,100804,0,7,0,0,35,0,0,2,5517,0,0
Jim,,Goodwin,0,81,1,0,251865,16,1,183,5506,75,0,0,26537,4,0,100805,0,1,0,0,25,0,0,3,5506,0,0
Francisco,Fran Fernández,Fernández Díaz,0,81,1,0,249400,16,1,178,5505,75,0,0,26541,2,3,100831,0,6,0,0,45,0,0,2,5524,0,0
Mauricio,,Pellegrino,0,84,1,0,10974,16,1,193,5560,84,1,0,10974,4,0,100888,0,1,0,0,52,0,0,2,5505,0,0
,,,0,83,1,0,63002,16,1,180,5500,75,0,0,26537,2,0,101007,0,1,1,0,14,0,0,3,5500,0,0
Okan,,Buruk,0,89,1,0,250192,16,1,170,5530,75,0,0,26543,2,0,101014,0,7,0,0,48,0,0,2,5500,0,0
Hikmet,,Karaman,0,83,1,0,249565,16,1,175,5540,75,0,0,26538,4,0,101020,0,2,1,0,48,0,0,3,5501,0,0
Mustafa,,Kaplan,0,89,1,0,250137,16,1,174,5505,75,0,0,26543,2,0,101025,0,7,0,0,48,0,0,2,5568,0,0
Tamer,,Tuna,0,88,1,0,144318,16,1,172,5530,75,0,0,26541,4,3,101026,0,6,0,0,48,0,0,2,5575,0,0
Aykut,,Kocaman,0,82,1,0,249037,16,1,175,5529,75,0,0,26543,4,0,101033,0,7,0,0,48,0,0,2,5502,0,0
Ismail,,Kartal,0,82,1,0,249609,16,1,176,5529,75,0,0,26540,4,3,101037,0,1,0,0,48,0,0,4,5505,0,0
Rıza,,Çalımbay,0,89,1,0,250390,16,1,172,5527,75,0,0,26539,4,0,101041,0,1,0,0,48,0,0,3,5520,0,0
Oleksiy,,Mykhaylychenko,0,82,1,0,252780,16,1,180,5541,75,0,0,26541,2,3,101047,0,6,0,0,49,0,0,2,5534,0,0
,,,0,81,1,0,249951,16,1,181,5503,75,0,0,26537,2,0,101059,0,1,0,0,38,0,0,3,5503,0,0
Gabriel,,Milito,0,83,1,0,138654,16,1,179,5520,75,0,0,26543,2,0,101083,0,7,1,0,52,0,0,2,5522,0,0
Darío,,Ortíz,0,82,1,0,249196,16,1,175,5553,75,0,0,26542,4,0,101084,0,3,0,0,52,0,0,3,5553,0,0
Eduardo,,Coudet,0,81,1,0,138814,16,1,178,5558,75,0,0,26541,2,3,101085,0,6,1,0,52,0,0,2,5567,0,0
Gabriel,,Heinze,0,82,1,0,8222,16,1,178,5521,75,0,0,26541,2,3,101088,0,6,1,0,52,0,0,2,5522,0,0
Juan Jose,,Ribera,0,82,1,0,249804,16,1,181,5551,75,0,0,26543,2,0,101097,0,7,0,0,55,0,0,2,5567,0,0
Alexandre,,Guimarães,0,84,1,0,251123,16,1,190,5518,75,0,0,26540,4,3,101099,0,1,0,0,54,0,0,4,5523,0,0
Juan Carlos,,Osorio,0,81,1,0,241151,16,1,176,5523,75,0,0,26537,4,0,101100,0,1,1,0,56,0,0,3,5523,0,0
Julio,,Comesaña,0,82,1,0,249815,16,1,175,5523,75,0,0,26542,2,0,101101,0,3,1,0,60,0,0,3,5523,0,0
Lucas,,Pusineri,0,81,1,0,249929,16,1,179,5513,75,0,0,26540,2,3,101102,0,1,0,0,52,0,0,4,5513,0,0
Alexis,,Mendoza,0,84,1,0,248951,16,1,185,5523,50,0,0,26547,6,0,101103,0,3,0,0,56,0,0,8,5523,0,0
Harold,,Rivera,0,82,1,0,249537,16,1,175,5582,75,0,0,26540,5,3,101104,0,1,0,0,56,0,0,4,5582,0,0
Jorge Luis,,Pinto,0,88,1,0,249727,16,1,165,5525,75,0,0,26544,6,0,101105,0,9,1,0,56,0,0,4,5525,0,0
Hubert,,Bodhert,0,83,1,0,249572,16,1,177,5505,75,0,0,26545,9,2,101106,0,9,0,0,56,0,0,8,5523,0,0
,,,0,83,1,0,249975,16,1,183,5505,75,0,0,26540,4,3,101112,0,1,0,0,70,0,0,4,5505,0,0
Leandro,,Cufré,0,82,1,0,103938,16,1,175,5505,75,0,0,26543,2,0,101114,0,7,1,0,52,0,0,2,5505,0,0
Guillermo,,Vázquez,0,88,1,0,249509,16,1,174,5503,75,0,0,26544,4,0,101121,0,9,0,0,83,0,0,4,5503,0,0
,,,0,81,1,0,252414,16,1,180,5511,75,0,0,26546,4,0,101144,0,9,0,0,163,0,0,4,5510,0,0
,,,0,82,1,0,720,16,1,181,5529,75,0,0,26541,2,3,101146,0,6,0,0,21,0,0,2,5502,0,0
,,,0,82,1,0,191543,16,1,180,5511,75,0,0,26546,4,0,101147,0,9,0,0,163,0,0,4,5566,0,0
,,,0,82,1,0,250104,16,1,176,5511,75,0,0,26544,2,0,101148,0,9,0,0,45,0,0,4,5506,0,0
,,,0,88,1,0,250703,16,1,168,5535,75,0,0,26546,4,0,101149,0,9,1,0,163,0,0,4,5502,0,0
,,,0,81,1,0,249850,16,1,177,5539,75,0,0,26546,2,0,101150,0,9,0,0,163,0,0,4,5518,0,0
,,,0,83,1,0,220812,16,1,184,5538,75,0,0,26539,4,0,101151,0,1,0,0,195,0,0,3,5501,0,0
,,,0,83,1,0,232303,16,1,181,5530,75,0,0,26539,2,0,105035,0,1,0,0,34,0,0,3,5501,0,0
Juan Carlos,Juan Carlos Unzué,Unzué Labiano,0,81,1,0,146980,16,1,178,5500,75,0,0,26541,2,3,110062,0,6,0,0,45,0,0,2,5508,0,0
Baldomero,Mere Hermoso,Hermoso Herrera,0,82,1,0,251203,16,1,180,5508,75,0,0,26543,4,0,110065,0,7,0,0,45,0,0,2,5523,0,0
Andoni,Iraola,Iraola Sagarna,0,81,1,0,251637,16,1,182,5505,75,0,0,26540,2,3,110069,0,1,0,0,45,0,0,4,5524,0,0
Michael,,O'Neill,0,82,1,0,250085,16,1,180,5578,75,0,0,26539,2,0,110081,0,1,0,0,35,0,0,3,5578,0,0
Sebastián,,Beccacece,0,81,1,0,250470,16,1,182,5520,75,0,0,26540,4,3,110093,0,1,1,0,52,0,0,4,5520,0,0
Guillermo,,Almada,0,85,1,0,249505,16,1,185,5557,75,0,0,26540,5,3,110144,0,1,1,0,60,0,0,4,5514,0,0
Enrique,,Meza,0,83,1,0,249319,16,1,178,5501,75,0,0,26537,4,0,110145,0,1,0,0,83,0,0,3,5501,0,0
Martín,,Palermo,0,85,1,0,51152,16,1,188,5502,75,0,0,26541,2,3,110147,0,6,0,0,52,0,0,2,5502,0,0
Víctor Manuel,,Vucetich,0,88,1,0,250655,16,1,172,5527,75,0,0,26542,4,0,110150,0,3,0,0,83,0,0,3,5507,0,0
José Luis,,Sánchez Sola,0,81,1,0,249766,16,1,175,5527,75,0,0,26538,4,0,110152,0,2,1,0,83,0,0,3,5502,0,0
,,,0,83,1,0,250627,16,1,178,5511,75,0,0,26539,2,0,110178,0,1,1,0,21,0,0,3,5526,0,0
Michael,,Schiele,0,88,1,0,250088,16,1,172,5511,75,0,0,26540,2,3,110197,0,1,0,0,21,0,0,4,5526,0,0
,,,0,82,1,0,249698,16,1,180,5535,75,0,0,26544,2,0,110313,0,9,1,0,14,0,0,4,5514,0,0
,,,0,88,1,0,249734,16,1,168,5528,75,0,0,26544,6,0,110329,0,9,0,0,34,0,0,4,5533,0,0
,,,0,83,1,0,249471,16,1,184,5530,75,0,0,26537,5,0,110373,0,1,1,0,27,0,0,3,5513,0,0
Vincenzo,,Montella,0,88,1,0,4609,16,1,172,5544,75,0,0,26541,4,3,110374,0,6,0,0,27,0,0,2,5500,0,0
Sergio,,Rondina,0,87,1,0,250489,16,1,169,5527,75,0,0,26537,4,0,110394,0,1,0,0,52,0,0,3,5522,0,0
Luis,,Zubeldía,0,81,1,0,249944,16,1,179,5558,75,0,0,26543,2,0,110395,0,7,0,0,52,0,0,2,5567,0,0
Héctor,,Bidoglio,0,81,1,0,249542,16,1,176,5521,75,0,0,26540,4,3,110396,0,1,0,0,52,0,0,4,5522,0,0
Hernán,,Crespo,0,82,1,0,7512,16,1,184,5526,75,0,0,26543,2,0,110404,0,7,0,0,52,0,0,2,5566,0,0
Pablo,,Lavallén,0,81,1,0,250234,16,1,175,5524,75,0,0,26543,4,0,110406,0,7,0,0,52,0,0,2,5524,0,0
,,,0,88,1,0,250199,16,1,172,5558,75,0,0,26539,2,0,110456,0,1,0,0,18,0,0,3,5504,0,0
Pavel,,Vrba,0,83,1,0,250271,16,1,176,5535,75,0,0,26539,2,0,110468,0,1,0,0,12,0,0,3,5534,0,0
Torsten,,Ziegner,0,82,1,0,100254,16,1,175,5511,75,0,0,26543,2,0,110482,0,7,0,0,21,0,0,2,5526,0,0
Christian,,Flüthmann,0,82,1,0,252228,16,1,182,5511,75,0,0,26540,2,3,110500,0,1,0,0,21,0,0,4,5521,0,0
,,,0,82,1,0,7379,16,1,179,5509,75,0,0,26543,4,0,110502,0,7,0,0,22,0,0,2,5504,0,0
Bernhard,,Trares,0,82,1,0,251778,16,1,177,5511,75,0,0,26538,2,0,110532,0,2,0,0,21,0,0,3,5566,0,0
Aurelio,,Andreazzoli,0,82,1,0,249035,16,1,180,5511,75,0,0,26544,2,0,110556,0,9,0,0,27,0,0,4,5501,0,0
,,,0,81,1,0,251174,16,1,182,5506,75,0,0,26540,2,3,110569,0,1,0,0,18,0,0,4,5506,0,0
Diego,,Cocca,0,87,1,0,249251,16,1,174,5505,75,0,0,26540,4,3,110580,0,1,1,0,52,0,0,4,5505,0,0
Mario,,Sciacqua,0,82,1,0,250010,16,1,179,5523,75,0,0,26539,2,0,110581,0,1,0,0,52,0,0,3,5523,0,0
Stefan,,Krämer,0,83,1,0,250520,16,1,175,5511,75,0,0,26541,2,3,110588,0,6,1,0,21,0,0,2,5520,0,0
Lukas,,Kwasniok,0,82,1,0,249957,16,1,178,5527,75,0,0,26541,2,3,110591,0,6,0,0,21,0,0,2,5566,0,0
Joe,,Enochs,0,82,1,0,105015,16,1,183,5556,75,0,0,26540,2,3,110592,0,1,0,0,95,0,0,4,5566,0,0
Christian,,Neidhart,0,82,1,0,249126,16,1,183,5511,75,0,0,26537,2,0,110597,0,1,0,0,21,0,0,3,5565,0,0
,,,0,82,1,0,249438,16,1,181,5511,75,0,0,26537,2,0,110636,0,1,0,0,21,0,0,3,5506,0,0
Pavel,,Dotchev,0,82,1,0,250269,16,1,176,5555,75,0,0,26542,2,0,110645,0,3,0,0,9,0,0,3,5533,0,0
Sebastian,,Hoeneß,0,81,1,0,251527,16,1,178,5541,75,0,0,26539,2,0,110679,0,1,0,0,21,0,0,3,5553,0,0
Wouter,,Vrancken,0,85,1,0,251205,16,1,185,5509,75,0,0,26539,2,0,110724,0,1,1,0,7,0,0,3,5508,0,0
,,,0,82,1,0,104061,16,1,182,5521,75,0,0,26540,2,3,110734,0,1,0,0,27,0,0,4,5566,0,0
,,,0,86,1,0,251208,16,1,188,5558,75,0,0,26540,2,3,110738,0,1,0,0,27,0,0,4,5565,0,0
,,,0,82,1,0,251172,16,1,176,5558,75,0,0,26538,2,0,110741,0,2,1,0,27,0,0,3,5552,0,0
Ireneusz,,Mamrot,0,81,1,0,249604,16,1,175,5511,75,0,0,26539,2,0,110745,0,1,0,0,37,0,0,3,5524,0,0
Kosta,,Runjaić,0,82,1,0,249867,16,1,177,5511,75,0,0,26540,2,3,110746,0,1,0,0,21,0,0,4,5567,0,0
Michał,,Probierz,0,82,1,0,148408,16,1,176,5511,75,0,0,26544,2,0,110747,0,9,1,0,37,0,0,4,5506,0,0
Ben,,van Dael,0,82,1,0,249046,16,1,176,5511,75,0,0,26538,2,0,110749,0,2,0,0,34,0,0,3,5506,0,0
Marius,,Croitoru,0,81,1,0,251206,16,1,175,5506,75,0,0,26543,2,0,110752,0,7,0,0,39,0,0,2,5506,0,0
,,,0,81,1,0,140053,16,1,184,5509,75,0,0,26546,4,0,110765,0,9,0,0,167,0,0,4,5567,0,0
Stéphane,,Henchoz,0,85,1,0,666,16,1,185,5558,75,0,0,26541,2,3,110770,0,6,0,0,47,0,0,2,5520,0,0
Marius,,Şumudică,0,83,1,0,250013,16,1,179,5511,75,0,0,26540,4,3,110776,0,1,1,0,39,0,0,4,5523,0,0
Ignacio,,Ambriz,0,82,1,0,249592,16,1,177,5513,75,0,0,26540,6,3,110781,0,1,0,0,83,0,0,4,5523,0,0
Mihai,,Teja,0,82,1,0,251020,16,1,177,5511,75,0,0,26543,2,0,110815,0,7,0,0,39,0,0,2,5523,0,0
Sergio,,Egea,0,82,1,0,250485,16,1,184,5505,75,0,0,26540,2,3,110827,0,1,0,0,52,0,0,4,5505,0,0
Eloy,Eloy Jiménez,Jiménez Moreno,0,87,1,0,249308,16,1,173,5524,75,0,0,26544,5,0,110831,0,9,0,0,45,0,0,4,5524,0,0
Diego,Diego Martínez,Martínez Penas,0,82,1,0,249256,16,1,175,5529,75,0,0,26544,2,0,110832,0,9,0,0,45,0,0,4,5507,0,0
Miguel Ángel,Míchel,Sánchez Muñoz,0,87,1,0,146777,101,14,174,5512,66,1,0,146777,2,0,110839,0,4,0,0,45,0,0,4,5523,0,0
,,,0,85,1,0,157756,16,1,198,5506,75,0,0,26541,2,3,110890,0,6,0,0,27,0,0,2,5506,0,0
Adnan,,Čustović,0,85,1,0,248901,16,1,185,5538,75,0,0,26540,2,3,110913,0,1,0,0,8,0,0,4,5517,0,0
Ernst,,Middendorp,0,82,1,0,249336,16,1,178,5511,75,0,0,26537,2,0,110929,0,1,0,0,21,0,0,3,5510,0,0
Rhulani,,Mokwena,0,81,1,0,252845,16,1,180,5511,75,0,0,26545,9,2,110930,0,9,0,0,140,0,0,8,5567,0,0
,,,0,82,1,0,249829,16,1,175,5502,75,0,0,26546,5,0,110955,0,9,0,0,167,0,0,4,5506,0,0
Gustavo,,Quinteros,0,82,1,0,249516,16,1,181,5584,75,0,0,26543,4,0,110975,0,7,1,0,53,0,0,2,5584,0,0
Fernando,,Diaz,0,82,1,0,249375,16,1,175,5530,75,0,0,26543,4,0,110977,0,7,0,0,55,0,0,2,5580,0,0
Rubén,,Vallejos,0,82,1,0,250436,16,1,175,5551,75,0,0,26540,2,3,110978,0,1,0,0,55,0,0,4,5551,0,0
Diego,,Dabove,0,85,1,0,249253,16,1,185,5525,75,0,0,26543,2,0,111019,0,7,0,0,52,0,0,2,5525,0,0
,,,0,82,1,0,250165,16,1,177,5511,75,0,0,26542,4,0,111042,0,3,0,0,54,0,0,3,5569,0,0
,,,0,81,1,0,249783,16,1,180,5506,75,0,0,26540,5,3,111052,0,1,0,0,54,0,0,4,5566,0,0
,,,0,81,1,0,249315,16,1,180,5526,75,0,0,26541,2,3,111059,0,6,0,0,54,0,0,2,5569,0,0
,,,0,89,1,0,252714,16,1,168,5510,75,0,0,26544,4,0,111065,0,9,0,0,95,0,0,4,5523,0,0
Jacek,,Zieliński,0,82,1,0,249617,16,1,182,5558,75,0,0,26539,2,0,111082,0,1,1,0,37,0,0,3,5553,0,0
Gino,,Lettieri,0,88,1,0,249479,16,1,170,5557,75,0,0,26540,2,3,111083,0,1,0,0,27,0,0,4,5534,0,0
Kazimierz,,Moskal,0,82,1,0,148404,16,1,182,5511,75,0,0,26539,2,0,111085,0,1,0,0,37,0,0,3,5510,0,0
Waldemar,,Fornalik,0,88,1,0,250674,16,1,173,5510,75,0,0,26543,2,0,111086,0,7,0,0,37,0,0,2,5510,0,0
Piotr,,Stokowiec,0,81,1,0,148528,16,1,184,5530,75,0,0,26541,2,3,111091,0,6,0,0,37,0,0,2,5524,0,0
Vítězslav,,Lavička,0,82,1,0,250663,16,1,175,5558,75,0,0,26544,2,0,111092,0,9,0,0,12,0,0,4,5523,0,0
,,,0,85,1,0,252381,16,1,185,5511,75,0,0,26545,8,2,111099,0,9,0,0,140,0,0,8,5506,0,0
,,,0,84,1,0,250370,16,1,186,5526,75,0,0,26537,2,0,111108,0,1,1,0,52,0,0,3,5522,0,0
,,,0,82,1,0,197234,16,1,183,5505,75,0,0,26542,4,0,111109,0,3,0,0,38,0,0,3,5505,0,0
,,,0,88,1,0,249826,16,1,167,5506,75,0,0,26545,10,2,111112,0,9,0,0,108,0,0,8,5522,0,0
,,,0,83,1,0,63041,16,1,180,5500,75,0,0,26537,2,0,111130,0,1,1,0,14,0,0,3,5500,0,0
Ollie,,Horgan,0,82,1,0,250203,16,1,178,5511,75,0,0,26537,2,0,111131,0,1,1,0,25,0,0,3,5510,0,0
Collie,,O'Neill,0,82,1,0,249153,16,1,178,5511,75,0,0,26541,2,3,111132,0,6,0,0,25,0,0,2,5510,0,0
,,,0,89,1,0,248905,16,1,168,5513,75,0,0,26542,2,0,111138,0,3,1,0,14,0,0,3,5523,0,0
,,,0,81,1,0,232299,16,1,175,5528,75,0,0,26543,2,0,111139,0,7,0,0,18,0,0,2,5502,0,0
,,,0,82,1,0,249484,16,1,183,5529,75,0,0,26538,4,0,111140,0,2,1,0,61,0,0,3,5505,0,0
,,,0,82,1,0,249070,16,1,180,5544,75,0,0,26539,2,0,111144,0,1,0,0,95,0,0,3,5517,0,0
,,,0,85,1,0,249423,16,1,190,5511,75,0,0,26540,2,3,111235,0,1,0,0,21,0,0,4,5526,0,0
Jeff,,Saibene,0,88,1,0,249656,16,1,170,5511,75,0,0,26540,2,3,111239,0,1,0,0,31,0,0,4,5526,0,0
Gustavo,,Florentín,0,81,1,0,251783,16,1,175,5566,75,0,0,26543,4,0,111327,0,7,0,0,58,0,0,2,5566,0,0
Ivo,,Basay,0,82,1,0,249615,16,1,175,5567,75,0,0,26537,4,0,111328,0,1,0,0,55,0,0,3,5567,0,0
Kemal,,Özdeş,0,82,1,0,249840,16,1,178,5532,75,0,0,26544,4,0,111339,0,9,0,0,48,0,0,4,5568,0,0
Oliver,,Zapel,0,85,1,0,250196,16,1,189,5511,75,0,0,26540,2,3,111379,0,1,0,0,21,0,0,4,5506,0,0
Gertjan,,Verbeek,0,85,1,0,249469,16,1,185,5555,75,0,0,26542,2,0,111393,0,3,0,0,34,0,0,3,5551,0,0
Robbie,,Fowler,0,82,1,0,195,16,1,175,5515,75,0,0,26543,2,0,111395,0,7,0,0,14,0,0,2,5576,0,0
Alen,,Stajcic,0,82,1,0,248937,16,1,180,5555,75,0,0,26541,2,3,111396,0,6,0,0,195,0,0,2,5551,0,0
Marco,,Kurz,0,84,1,0,514,16,1,185,5552,75,0,0,26539,2,0,111397,0,1,1,0,21,0,0,3,5552,0,0
Ernie,,Merrick,0,82,1,0,249334,16,1,178,5555,75,0,0,26539,2,0,111398,0,1,0,0,42,0,0,3,5522,0,0
Tony,,Popovic,0,84,1,0,44888,16,1,193,5505,75,0,0,26543,2,0,111399,0,7,0,0,195,0,0,2,5505,0,0
Steve,,Corica,0,88,1,0,2239,16,1,174,5578,75,0,0,26543,4,0,111400,0,7,0,0,195,0,0,2,5551,0,0
,,,0,88,1,0,250051,16,1,174,5517,75,0,0,26541,2,3,111434,0,6,0,0,27,0,0,2,5517,0,0
,,,0,82,1,0,249301,16,1,178,5505,75,0,0,26543,5,0,111451,0,7,0,0,53,0,0,2,5505,0,0
,,,0,88,1,0,249699,16,1,165,5503,75,0,0,26543,2,0,111455,0,7,0,0,14,0,0,2,5523,0,0
Reinaldo,,Rueda,0,82,1,0,250358,16,1,178,5505,75,0,0,26542,4,0,111459,0,3,0,0,56,0,0,3,5505,0,0
,,,0,89,1,0,249557,16,1,167,5521,75,0,0,26539,4,0,111465,0,1,0,0,56,0,0,3,5522,0,0
,,,0,83,1,0,63042,16,1,180,5500,75,0,0,26537,2,0,111466,0,1,1,0,14,0,0,3,5500,0,0
,,,0,83,1,0,63043,16,1,180,5500,75,0,0,26537,2,0,111473,0,1,1,0,14,0,0,3,5500,0,0
,,,0,85,1,0,250333,16,1,187,5500,75,0,0,26544,4,0,111487,0,9,0,0,61,0,0,4,5500,0,0
Bernd,,Hollerbach,0,82,1,0,699,16,1,177,5555,75,0,0,26540,2,3,111560,0,1,0,0,21,0,0,4,5533,0,0
,,,0,81,1,0,250620,16,1,176,5529,75,0,0,26546,4,0,111575,0,9,1,0,163,0,0,4,5591,0,0
,,,0,82,1,0,249712,16,1,183,5527,75,0,0,26546,4,0,111588,0,9,0,0,167,0,0,4,5520,0,0
,,,0,83,1,0,63044,16,1,180,5500,75,0,0,26537,2,0,111596,0,1,1,0,14,0,0,3,5500,0,0
,,,0,81,1,0,17744,16,1,180,5531,75,0,0,26541,4,3,111651,0,6,0,0,95,0,0,2,5523,0,0
Alessandro,,Nesta,0,84,1,0,1088,16,1,187,5520,75,0,0,26541,5,3,111657,0,6,0,0,27,0,0,2,5565,0,0
,,,0,81,1,0,5534,16,1,180,5509,75,0,0,26544,2,0,111659,0,9,0,0,18,0,0,4,5520,0,0
Jorge,,Almirón,0,85,1,0,156367,16,1,185,5552,75,0,0,26543,6,0,111674,0,7,0,0,52,0,0,2,5552,0,0
Óscar,,Pareja,0,88,1,0,250214,16,1,173,5531,75,0,0,26543,5,0,111678,0,7,0,0,56,0,0,2,5504,0,0
Ivan,,Leko,0,82,1,0,6016,16,1,179,5535,75,0,0,26541,2,3,111701,0,6,0,0,10,0,0,2,5534,0,0
Lucas,,Bernardi,0,88,1,0,32120,16,1,172,5548,75,0,0,26540,2,3,111706,0,1,0,0,52,0,0,4,5567,0,0
Gustavo,,Álvarez,0,82,1,0,249511,16,1,178,5526,75,0,0,26539,4,0,111707,0,1,0,0,52,0,0,3,5566,0,0
Ricardo,,Zielinski,0,83,1,0,250378,16,1,180,5523,75,0,0,26539,4,0,111708,0,1,0,0,52,0,0,3,5523,0,0
Mariano,,Soso,0,82,1,0,250003,16,1,178,5520,75,0,0,26543,2,0,111710,0,7,0,0,52,0,0,2,5520,0,0
Juan Pablo,,Vojvoda,0,85,1,0,135828,16,1,185,5525,75,0,0,26543,4,0,111711,0,7,0,0,52,0,0,2,5523,0,0
Leonardo,,Madelón,0,82,1,0,249902,16,1,175,5526,75,0,0,26542,4,0,111716,0,3,0,0,52,0,0,3,5567,0,0
Guillermo,,Sanguinetti,0,88,1,0,249508,16,1,174,5503,75,0,0,26543,4,0,111721,0,7,0,0,60,0,0,2,5503,0,0
Alberto,,Gamero,0,88,1,0,248929,16,1,171,5533,50,0,0,26547,5,0,111722,0,3,1,0,56,0,0,8,5533,0,0
Alexis,,García,0,82,1,0,248950,16,1,175,5513,75,0,0,26545,6,2,111723,0,9,0,0,56,0,0,8,5513,0,0
,,,0,81,1,0,250695,16,1,182,5506,75,0,0,26546,4,0,111724,0,9,0,0,155,0,0,4,5506,0,0
,,,0,88,1,0,250613,16,1,168,5511,75,0,0,26546,4,0,111730,0,9,0,0,163,0,0,4,5566,0,0
Ufuk,,Talay,0,82,1,0,250843,16,1,178,5511,75,0,0,26539,2,0,111766,0,1,0,0,195,0,0,3,5506,0,0
,,,0,89,1,0,249073,16,1,172,5517,75,0,0,26543,2,0,111768,0,7,0,0,18,0,0,2,5517,0,0
,,,0,88,1,0,183624,16,1,173,5502,75,0,0,26542,2,0,111773,0,3,0,0,27,0,0,3,5502,0,0
,,,0,83,1,0,234397,16,1,176,5578,75,0,0,26537,2,0,111774,0,1,0,0,21,0,0,3,5578,0,0
,,,0,81,1,0,249040,16,1,180,5558,75,0,0,26546,4,0,111779,0,9,0,0,155,0,0,4,5520,0,0
,,,0,82,1,0,250071,16,1,178,5506,75,0,0,26537,2,0,111817,0,1,0,0,8,0,0,3,5506,0,0
Reiner,,Geyer,0,85,1,0,250359,16,1,188,5511,75,0,0,26539,2,0,111821,0,1,0,0,21,0,0,3,5510,0,0
Gerhard,,Struber,0,87,1,0,251656,16,1,172,5527,75,0,0,26538,2,0,111822,0,2,0,0,4,0,0,3,5522,0,0
,,,0,82,1,0,1183,16,1,176,5501,75,0,0,26540,2,3,111839,0,1,0,0,27,0,0,4,5501,0,0
,,,0,88,1,0,4784,16,1,174,5509,75,0,0,26541,4,3,111928,0,6,1,0,52,0,0,2,5501,0,0
,,,0,81,1,0,157767,16,1,175,5533,75,0,0,26543,2,0,111974,0,7,1,0,27,0,0,2,5508,0,0
,,,0,82,1,0,248931,16,1,182,5526,75,0,0,26543,4,0,111976,0,7,0,0,54,0,0,2,5566,0,0
,,,0,82,1,0,250408,16,1,176,5506,75,0,0,26542,2,0,111993,0,3,0,0,27,0,0,3,5567,0,0
,,,0,81,1,0,1198,16,1,181,5546,75,0,0,26541,4,3,112026,0,6,1,0,27,0,0,2,5514,0,0
Alexander,,Schmidt,0,85,1,0,252766,16,1,185,5511,75,0,0,26538,2,0,112075,0,2,0,0,21,0,0,3,5567,0,0
,,,0,88,1,0,250697,16,1,173,5511,75,0,0,26546,2,0,112092,0,9,0,0,163,0,0,4,5506,0,0
,,,0,82,1,0,140192,16,1,176,5509,75,0,0,26546,4,0,112093,0,9,0,0,163,0,0,4,5508,0,0
Khalid,,Al Atawi,0,88,1,0,251614,16,1,171,5557,75,0,0,26541,6,3,112096,0,6,1,0,183,0,0,2,5526,0,0
,,,0,82,1,0,249082,16,1,179,5509,75,0,0,26546,4,0,112115,0,9,0,0,167,0,0,4,5522,0,0
Marco Antonio,,Figueroa,0,81,1,0,249997,16,1,180,5507,75,0,0,26544,5,0,112116,0,9,1,0,55,0,0,4,5507,0,0
,,,0,82,1,0,251209,16,1,180,5520,75,0,0,26541,2,3,112124,0,6,0,0,27,0,0,2,5520,0,0
,,,0,85,1,0,45846,16,1,193,5517,75,0,0,26539,2,0,112134,0,1,0,0,95,0,0,3,5517,0,0
Rui Carlos,Rui Vitória,Pinho da Vitória,0,82,1,0,250442,16,1,179,5556,75,0,0,26543,2,0,112139,0,7,0,0,38,0,0,2,5568,0,0
,,,0,86,1,0,249156,16,1,187,5501,75,0,0,26539,4,0,112162,0,1,1,0,39,0,0,3,5502,0,0
,,,0,81,1,0,1848,16,1,183,5511,75,0,0,26544,2,0,112165,0,9,0,0,34,0,0,4,5520,0,0
,,,0,88,1,0,250321,16,1,173,5546,75,0,0,26542,2,0,112168,0,3,0,0,27,0,0,3,5507,0,0
Hans,,Eklund,0,82,1,0,30274,16,1,181,5544,75,0,0,26543,5,0,112169,0,7,0,0,46,0,0,2,5513,0,0
Nemanja,Mance,Miljanović,0,82,1,0,250160,16,1,175,5544,75,0,0,26539,2,0,112171,0,1,0,0,46,0,0,3,5510,0,0
,,,0,85,1,0,249812,16,1,189,5511,75,0,0,26541,2,3,112172,0,6,0,0,21,0,0,2,5522,0,0
,,,0,81,1,0,249548,16,1,180,5021,75,0,0,26539,2,0,112190,0,1,1,0,21,0,0,3,5021,0,0
Geir,,Bakke,0,89,1,0,249457,16,1,170,5511,75,0,0,26538,2,0,112199,0,2,0,0,36,0,0,3,5551,0,0
Svein,,Maalen,0,85,1,0,250553,16,1,185,5560,75,0,0,26540,2,3,112200,0,1,0,0,36,0,0,4,5510,0,0
Erick,,Mombaerts,0,82,1,0,249326,16,1,180,5518,75,0,0,26540,2,3,112224,0,1,0,0,18,0,0,4,5518,0,0
,,,0,83,1,0,10884,16,1,178,5506,75,0,0,26541,2,3,112254,0,6,0,0,50,0,0,2,5501,0,0
,,,0,89,1,0,250675,16,1,170,5548,75,0,0,26539,2,0,112259,0,1,0,0,14,0,0,3,5523,0,0
,,,0,81,1,0,138193,16,1,175,5511,75,0,0,26541,2,3,112260,0,6,0,0,14,0,0,2,5506,0,0
,,,0,83,1,0,63045,16,1,180,5500,75,0,0,26537,2,0,112264,0,1,1,0,14,0,0,3,5500,0,0
,,,0,81,1,0,249247,16,1,175,5509,75,0,0,26543,2,0,112276,0,7,0,0,18,0,0,2,5506,0,0
,,,0,83,1,0,63046,16,1,180,5500,75,0,0,26537,2,0,112288,0,1,1,0,14,0,0,3,5500,0,0
,,,0,83,1,0,63047,16,1,180,5500,75,0,0,26537,2,0,112301,0,1,1,0,14,0,0,3,5500,0,0
,,,0,83,1,0,63048,16,1,180,5500,75,0,0,26537,2,0,112303,0,1,1,0,14,0,0,3,5500,0,0
,,,0,83,1,0,63049,16,1,180,5500,75,0,0,26537,2,0,112304,0,1,1,0,14,0,0,3,5500,0,0
,,,0,83,1,0,233859,16,1,175,5540,75,0,0,26544,4,0,112378,0,9,0,0,45,0,0,4,5514,0,0
Branko,,Ivanković,0,83,1,0,251144,16,1,181,5531,75,0,0,26537,4,0,112387,0,1,0,0,10,0,0,3,5504,0,0
Péricles,Péricles,Oliveira Chamusca,0,81,1,0,250288,16,1,180,5557,50,0,0,26547,5,0,112389,0,3,0,0,54,0,0,8,5508,0,0
Fathi,,Al Jabal,0,83,1,0,249364,16,1,178,5555,75,0,0,26539,4,0,112390,0,1,0,0,145,0,0,3,5566,0,0
Besnik,,Hasi,0,82,1,0,249055,16,1,177,5529,75,0,0,26541,2,3,112392,0,6,1,0,1,0,0,2,5513,0,0
Paulo Sérgio,Paulo Sérgio,Bento Brito,0,82,1,0,251907,16,1,175,5530,75,0,0,26543,2,0,112393,0,7,0,0,38,0,0,2,5502,0,0
Mario,,Cvitanović,0,81,1,0,251512,16,1,182,5532,75,0,0,26539,2,0,112408,0,1,0,0,10,0,0,3,5567,0,0
,,,0,82,1,0,252396,16,1,184,5556,75,0,0,26541,2,3,112410,0,6,0,0,27,0,0,2,5567,0,0
Vegard,,Hansen,0,82,1,0,250644,16,1,180,5511,75,0,0,26540,2,3,112420,0,1,1,0,36,0,0,4,5510,0,0
Peter,,Sørensen,0,85,1,0,250303,16,1,190,5560,75,0,0,26538,2,0,112425,0,2,1,0,13,0,0,3,5514,0,0
Markus,,Babbel,0,85,1,0,50450,16,1,191,5511,75,0,0,26538,2,0,112427,0,2,0,0,21,0,0,3,5506,0,0
,,,0,89,1,0,249282,16,1,172,5577,75,0,0,26539,2,0,112429,0,1,0,0,51,0,0,3,5501,0,0
,,,0,89,1,0,250087,16,1,172,5529,75,0,0,26539,2,0,112444,0,1,1,0,51,0,0,3,5500,0,0
,,,0,82,1,0,252582,16,1,178,5511,75,0,0,26541,2,3,112476,0,6,0,0,54,0,0,2,5506,0,0
José Ignacio,Natxo González,González Sáenz,0,88,1,0,249758,16,1,172,5507,75,0,0,26541,2,3,112516,0,6,0,0,45,0,0,2,5523,0,0
Humberto,,Sierra,0,88,1,0,249580,16,1,172,5523,75,0,0,26542,4,0,112523,0,3,0,0,56,0,0,3,5523,0,0
Eduardo,,Lara,0,82,1,0,249298,16,1,175,5513,75,0,0,26537,4,0,112526,0,1,0,0,56,0,0,3,5513,0,0
Diego,,Corredor,0,82,1,0,249252,16,1,179,5505,75,0,0,26540,4,3,112527,0,1,0,0,56,0,0,4,5505,0,0
Jorge Luis,,Bernal,0,89,1,0,249726,16,1,165,5523,75,0,0,26544,5,0,112528,0,9,0,0,56,0,0,4,5523,0,0
Jaime,,Vera,0,89,1,0,249623,16,1,170,5552,75,0,0,26546,5,0,112531,0,9,0,0,55,0,0,4,5552,0,0
Juan Manuel,,Azconzábal,0,84,1,0,143063,16,1,186,5523,75,0,0,26540,4,3,112533,0,1,0,0,52,0,0,4,5523,0,0
Francisco,,Bozán,0,82,1,0,249397,16,1,175,5527,75,0,0,26544,4,0,112534,0,9,0,0,55,0,0,4,5521,0,0
Francisco,,Meneghini,0,87,1,0,249404,16,1,173,5521,75,0,0,26543,2,0,112535,0,7,0,0,52,0,0,2,5521,0,0
,,,0,82,1,0,249939,16,1,180,5579,75,0,0,26540,2,3,112537,0,1,1,0,45,0,0,4,5575,0,0
,,,0,82,1,0,250665,16,1,175,5511,75,0,0,26540,4,3,112540,0,1,1,0,38,0,0,4,5506,0,0
,,,0,82,1,0,250589,16,1,183,5506,75,0,0,26546,4,0,112541,0,9,0,0,155,0,0,4,5506,0,0
Eduardo,,Cruz,0,82,1,0,252824,16,1,180,5557,75,0,0,26544,4,0,112578,0,9,0,0,56,0,0,4,5567,0,0
César,,Torres,0,88,1,0,249111,16,1,170,5520,75,0,0,26543,5,0,112579,0,7,0,0,56,0,0,2,5520,0,0
Gustavo,,Díaz,0,81,1,0,249513,16,1,177,5552,75,0,0,26540,4,3,112584,0,1,0,0,60,0,0,4,5552,0,0
,,,0,87,1,0,100798,16,1,173,5505,75,0,0,26541,2,3,112606,0,6,0,0,25,0,0,2,5523,0,0
,,,0,89,1,0,249075,16,1,172,5509,75,0,0,26538,2,0,112627,0,2,0,0,18,0,0,3,5506,0,0
Edward,,Iordănescu,0,81,1,0,249304,16,1,180,5557,75,0,0,26541,2,3,112637,0,6,0,0,39,0,0,2,5523,0,0
Dalcio,,Giovagnoli,0,82,1,0,249173,16,1,182,5569,75,0,0,26539,2,0,112655,0,1,0,0,52,0,0,3,5569,0,0
Alexander,,Medina,0,81,1,0,251008,16,1,178,5524,75,0,0,26540,2,3,112670,0,1,0,0,60,0,0,4,5523,0,0
Alfonso,,Sosa,0,82,1,0,248955,16,1,175,5513,75,0,0,26543,4,0,112678,0,7,0,0,83,0,0,2,5513,0,0
Patricio,,Graff,0,82,1,0,250252,16,1,175,5527,75,0,0,26543,2,0,112705,0,7,0,0,52,0,0,2,5567,0,0
Pedro,,Sarmiento,0,83,1,0,250276,16,1,175,5509,75,0,0,26537,4,0,112715,0,1,0,0,56,0,0,3,5551,0,0
Leonardo,,Semplici,0,85,1,0,249906,16,1,185,5528,75,0,0,26540,2,3,112791,0,1,0,0,27,0,0,4,5518,0,0
João Pedro,João Pedro Sousa,Ramos Borges Sousa,0,82,1,0,250861,16,1,183,5511,75,0,0,26538,2,0,112809,0,2,0,0,38,0,0,3,5510,0,0
,,,0,83,1,0,249269,16,1,175,5540,75,0,0,26537,4,0,112828,0,1,0,0,45,0,0,3,5523,0,0
,,,0,81,1,0,250552,16,1,184,5535,75,0,0,26546,4,0,112836,0,9,0,0,163,0,0,4,5502,0,0
Dan,,Alexa,0,84,1,0,251135,16,1,185,5529,75,0,0,26541,2,3,112847,0,6,0,0,39,0,0,2,5507,0,0
,,,0,82,1,0,239789,16,1,180,5558,75,0,0,26539,2,0,112885,0,1,0,0,34,0,0,3,5575,0,0
Óscar,,Upegui,0,89,1,0,250219,16,1,174,5527,75,0,0,26537,2,0,112903,0,1,0,0,56,0,0,3,5521,0,0
Gustavo,,Coleoni,0,89,1,0,251249,16,1,170,5526,75,0,0,26543,4,0,112965,0,7,0,0,52,0,0,2,5568,0,0
,,,0,82,1,0,249369,16,1,175,5552,75,0,0,26546,5,0,112978,0,9,0,0,155,0,0,4,5566,0,0
,,,0,85,1,0,252449,16,1,185,5506,75,0,0,26546,4,0,112983,0,9,0,0,167,0,0,4,5506,0,0
Hernán,,Torres,0,86,1,0,249559,16,1,186,5524,50,0,0,26547,5,0,112992,0,3,0,0,56,0,0,8,5524,0,0
,,,0,81,1,0,192944,16,1,177,5527,75,0,0,26538,2,0,112996,0,2,1,0,95,0,0,3,5520,0,0
Ante,,Milicic,0,83,1,0,180722,16,1,181,5555,75,0,0,26541,2,3,112998,0,6,0,0,195,0,0,2,5524,0,0
,,,0,88,1,0,250319,16,1,172,5520,75,0,0,26542,2,0,112999,0,3,0,0,46,0,0,3,5520,0,0
,,,0,81,1,0,249845,16,1,180,5502,75,0,0,26540,2,3,113000,0,1,0,0,13,0,0,4,5505,0,0
Xiuquan,Jia Xiuquan,Jia,0,81,1,0,250696,16,1,182,5505,75,0,0,26546,4,0,113001,0,9,0,0,155,0,0,4,5523,0,0
Phil,,Neville,0,82,1,0,249,16,1,180,5512,75,0,0,26540,2,3,113002,0,1,0,0,14,0,0,4,5512,0,0
,,,0,81,1,0,249155,16,1,176,5529,75,0,0,26541,2,3,113003,0,6,0,0,18,0,0,2,5524,0,0
,,,0,87,1,0,250043,16,1,167,5505,75,0,0,26540,2,3,113004,0,1,0,0,21,0,0,4,5505,0,0
,,,0,87,1,0,249028,16,1,163,5503,75,0,0,26546,4,0,113006,0,9,0,0,163,0,0,4,5503,0,0
Martin,,Sjögren,0,82,1,0,250041,16,1,184,5578,75,0,0,26541,2,3,113007,0,6,0,0,46,0,0,2,5578,0,0
Peter,,Gerhardsson,0,81,1,0,250297,16,1,180,5500,75,0,0,26541,2,3,113008,0,6,0,0,46,0,0,2,5500,0,0
,,,0,82,1,0,249667,16,1,175,5556,75,0,0,26542,2,0,113009,0,3,0,0,14,0,0,3,5554,0,0
Christopher,,Cuellar,0,82,1,0,249133,16,1,180,5529,75,0,0,26543,2,0,113010,0,7,0,0,95,0,0,2,5523,0,0
,,,0,88,1,0,250462,16,1,168,5558,75,0,0,26541,2,3,113011,0,6,0,0,34,0,0,2,5523,0,0
Jorge,Jorge Vilda,Vilda Rodríguez,0,81,1,0,249723,16,1,177,5502,75,0,0,26541,2,3,113012,0,6,0,0,45,0,0,2,5502,0,0
António Jorge,Jorge Simão,Rocha Simão,0,81,1,0,249015,16,1,177,5528,75,0,0,26540,2,3,113057,0,1,0,0,38,0,0,4,5505,0,0
Abdulrazaq,,Al Shabi,0,82,1,0,248888,16,1,180,5511,75,0,0,26537,5,0,113058,0,1,0,0,145,0,0,3,5506,0,0
Gabriel,,Caballero,0,88,1,0,251862,16,1,174,5525,75,0,0,26541,4,3,113134,0,6,0,0,52,0,0,2,5567,0,0
Erol,,Bulut,0,82,1,0,249337,16,1,184,5530,75,0,0,26543,4,0,113142,0,7,0,0,48,0,0,2,5513,0,0
,,,0,83,1,0,250402,16,1,178,5557,75,0,0,26539,2,0,113147,0,1,0,0,27,0,0,3,5522,0,0
,,,0,83,1,0,250428,16,1,182,5536,75,0,0,26541,2,3,113149,0,6,0,0,34,0,0,2,5518,0,0
,,,0,88,1,0,249567,16,1,167,5511,75,0,0,26546,4,0,113157,0,9,1,0,163,0,0,4,5506,0,0
,,,0,88,1,0,250700,16,1,173,5511,75,0,0,26546,4,0,113158,0,9,0,0,163,0,0,4,5506,0,0
,,,0,84,1,0,250140,16,1,186,5535,75,0,0,26546,4,0,113160,0,9,0,0,167,0,0,4,5501,0,0
,,,0,82,1,0,249876,16,1,176,5511,75,0,0,26546,4,0,113161,0,9,0,0,167,0,0,4,5506,0,0
Ian,,Burchnall,0,82,1,0,249587,16,1,178,5546,75,0,0,26541,2,3,113173,0,6,0,0,14,0,0,2,5503,0,0
Gheorghe,,Hagi,0,89,1,0,239056,16,1,172,5510,75,0,0,26544,2,0,113180,0,9,1,0,39,0,0,4,5508,0,0
Cristiano,,Bergodi,0,84,1,0,249164,16,1,188,5511,75,0,0,26537,2,0,113182,0,1,0,0,27,0,0,3,5506,0,0
,,,0,88,1,0,250605,16,1,172,5511,75,0,0,26546,4,0,113183,0,9,1,0,163,0,0,4,5506,0,0
Mohammed,,Kouki,0,82,1,0,250128,16,1,177,5557,75,0,0,26544,2,0,113217,0,9,0,0,145,0,0,4,5523,0,0
Daniel,,Isăilă,0,85,1,0,249182,16,1,185,5557,75,0,0,26543,2,0,113222,0,7,0,0,39,0,0,2,5510,0,0
,,,0,82,1,0,250593,16,1,178,5555,75,0,0,26542,2,0,113258,0,3,0,0,42,0,0,3,5504,0,0
Sergen,,Yalçin,0,82,1,0,250477,16,1,176,5527,75,0,0,26543,2,0,113259,0,7,1,0,48,0,0,2,5507,0,0
Skander,,Kasri,0,82,1,0,250848,16,1,180,5557,75,0,0,26544,4,0,113345,0,9,0,0,145,0,0,4,5506,0,0
Csaba,,László,0,82,1,0,250986,16,1,183,5538,75,0,0,26544,2,0,113378,0,9,0,0,23,0,0,4,5507,0,0
Viorel,,Moldovan,0,83,1,0,177849,16,1,175,5509,75,0,0,26544,2,0,113387,0,9,0,0,39,0,0,4,5566,0,0
Ilie,,Poenaru,0,88,1,0,251092,16,1,170,5557,75,0,0,26541,2,3,113391,0,6,0,0,39,0,0,2,5523,0,0
Henrik,,Rydström,0,82,1,0,47178,16,1,177,5560,75,0,0,26538,2,0,113458,0,2,1,0,46,0,0,3,5510,0,0
Christian,,Michelsen,0,82,1,0,21441,16,1,180,5558,75,0,0,26539,2,0,113459,0,1,0,0,36,0,0,3,5526,0,0
,,,0,82,1,0,249018,16,1,181,5509,75,0,0,26543,2,0,113677,0,7,1,0,54,0,0,2,5523,0,0
,,,0,83,1,0,63052,16,1,180,5500,75,0,0,26537,2,0,113826,0,1,1,0,14,0,0,3,5500,0,0
,,,0,81,1,0,101999,16,1,178,5529,75,0,0,26541,2,3,113926,0,6,0,0,42,0,0,2,5504,0,0
,,,0,82,1,0,249031,16,1,176,5548,75,0,0,26537,2,0,113958,0,1,0,0,27,0,0,3,5513,0,0
,,,0,87,1,0,250499,16,1,172,5505,75,0,0,26540,2,3,113984,0,1,0,0,42,0,0,4,5507,0,0
,,,0,83,1,0,63053,16,1,180,5500,75,0,0,26537,2,0,114019,0,1,1,0,14,0,0,3,5500,0,0
Mark,,Rudan,0,85,1,0,181465,16,1,192,5508,75,0,0,26543,4,0,114023,0,7,1,0,195,0,0,2,5508,0,0
,,,0,83,1,0,63054,16,1,180,5500,75,0,0,26537,2,0,114144,0,1,1,0,14,0,0,3,5500,0,0
,,,0,83,1,0,63055,16,1,180,5500,75,0,0,26537,2,0,114145,0,1,1,0,14,0,0,3,5500,0,0
Costel,,Enache,0,82,1,0,250983,16,1,175,5509,75,0,0,26538,2,0,114147,0,2,0,0,39,0,0,3,5523,0,0
,,,0,83,1,0,63056,16,1,180,5500,75,0,0,26537,2,0,114149,0,1,1,0,14,0,0,3,5500,0,0
,,,0,83,1,0,63059,16,1,180,5500,75,0,0,26537,2,0,114153,0,1,1,0,14,0,0,3,5500,0,0
Marek,,Papszun,0,82,1,0,250974,16,1,182,5511,75,0,0,26538,2,0,114326,0,2,0,0,37,0,0,3,5568,0,0
Dan,,Petrescu,0,82,1,0,249178,16,1,177,5511,75,0,0,26539,4,0,114385,0,1,1,0,39,0,0,3,5566,0,0
